Type	Label	Internal ID	Compact Display	Summary	Chronological Position	Narrative Position	Color	Parent	Ongoing	Start Date	Latest Start Date	Earliest End Date	End Date	Duration	Child Range	Tags	Blocked by	Blocks	Constraints	Links	Image (Links only)	Participant	Participant (Compact display)	Observer	Observer (Compact display)	Story Arc	Story Arc (Compact display)	Location	Location (Compact display)	Relates to	Relates to (Compact display)	Tension	Complete
"Event"	"Sarah celebrates her promotion"	"EV115"	"Sarah celebrates her promotion"		1		#9FA8DA		False	2370-03-13 21:00			2370-03-14 02:42	"5 hours, 42 minutes"		""	""	""	"Start is before start of Sarah meets Tony 0 seconds
Start is before start of Murder Day -2 days, -3 hours"	""		"Sarah Jacobson
John Stoat"	"Sarah Jacobson
John Stoat"	""	""	"The Rise of the Elvi
Holy Momma"	"The Rise of the Elvi
Holy Momma"	"Blue Suede Bar"	"Blue Suede Bar"	""	""		
"Event"	"Murder Day"	"EV242"	"Murder Day"		2		#ffffff		False	2370-03-16			2370-03-16	"1 day"		""	""	""	"Start is before start of Travis Teh's murder -2 hours
Start is before start of Sarah meets Tony -8 hours
Start is before start of Tony meets his drinking buddie -16 hours
Start is after start of Sarah celebrates her promotion 2 days, 3 hours"	""		""	""	""	""	""	""	""	""	""	""		
"Event"	"Travis Teh's murder"	"EV91"	"Travis Teh's murder"		3		#9FA8DA		False	2370-03-16 02:00			2370-03-16 02:00:42	"42 seconds"		""	""	""	"End is before start of Emil walks into a bar -20 minutes
End is before start of Chip investigates a stasis ano -8 hours
Start is after start of Murder Day 2 hours"	""		"Emil Kalheri
Travis Teh"	"Emil Kalheri
Travis Teh"	""	""	"Gyges Disc Research
Travis Teh’s Murder"	"Gyges Disc Research
Travis Teh’s Murder"	"Sarah’s Office"	"Sarah’s Office"	""	""		
"Event"	"Emil walks into a bar"	"EV102"	"Emil walks into a bar"		4		#9FA8DA		False	2370-03-16 02:20:42			2370-03-16 05:20:42	"3 hours"		""	""	""	"End is before start of The surveillance guys gather 0 seconds
Start is after end of Travis Teh's murder 20 minutes
End is before start of Tony meets Emil 0 seconds"	""		"Emil Kalheri"	"Emil Kalheri"	""	""	"Agent Jones wants the Gyges Disc"	"Agent Jones wants the Gyges Di"	"A bar"	"A bar"	""	""		
"Event"	"The surveillance guys gather"	"EV63"	"The surveillance guys gather"		5		#9FA8DA		False	2370-03-16 05:20:42			2370-03-16 06:02:42	"42 minutes"		""	""	""	"Start is after end of Emil walks into a bar 0 seconds
End is before start of Tony meets Emil 0 seconds"	""		"Dick van Dyke
Rick van Reich"	"Dick van Dyke
Rick van Reich"	""	""	"Agent Jones wants the Gyges Disc"	"Agent Jones wants the Gyges Di"	"Outside the Bar"	"Outside the Bar"	""	""		
"Event"	"Sarah meets Tony"	"EV131"	"Sarah meets Tony"		6		"Pink"		False	2370-03-16 08:00			2370-03-16 08:42	"42 minutes"		""	""	""	"Start is after start of Sarah celebrates her promotion 0 seconds
End is before start of Tony meets Emil 0 seconds
End is before start of Sarah meets Ajent 0 seconds
Start is after start of Murder Day 8 hours"	""		"Tony Chantara
Sarah Jacobson"	"Tony Chantara
Sarah Jacobson"	""	""	"Sarah & Tony
Travis Teh’s Murder"	"Sarah & Tony
Travis Teh’s Murder"	"Sarah’s Office"	"Sarah’s Office"	""	""	"0"	
"Event"	"Tony meets Emil"	"EV30"	"Tony meets Emil"		7		"Pink"		False	2370-03-16 08:42:00			2370-03-16 08:46:02	"4 minutes, 2 seconds"		""	""	""	"Start is after end of Sarah meets Tony 0 seconds
End is before start of Sarah meets Ajent 0 seconds
End is before start of Tony meets his drinking buddie 0 seconds
Start is after end of Emil walks into a bar 0 seconds
Start is after end of The surveillance guys gather 0 seconds"	""		"Tony Chantara
Emil Kalheri"	"Tony Chantara
Emil Kalheri"	""	""	"Gyges Disc Research"	"Gyges Disc Research"	"Outside the Bar"	"Outside the Bar"	""	""		
"Event"	"Sarah meets Ajent"	"EV64"	"Sarah meets Ajent"		8		"Pink"		False	2370-03-16 08:46:02			2370-03-16 08:50:04	"4 minutes, 2 seconds"		""	""	""	"End is before start of Sarah checks on Tony 0 seconds
Start is after end of Sarah meets Tony 0 seconds
Start is after end of Tony meets Emil 0 seconds
End is before start of Ajent is not human 0 seconds
End is before start of Emil in the Morgue 0 seconds"	""		"Sarah Jacobson
Special Agent Ajent Jones"	"Sarah Jacobson
Special Agent Ajent Jones"	""	""	"Travis Teh’s Murder
Agent Jones wants the Gyges Disc"	"Travis Teh’s Murder
Agent Jones wants the Gyges Di"	"Sarah’s Office"	"Sarah’s Office"	""	""		
"Event"	"Ajent is not human"	"EV34"	"Ajent is not human"		9		#9FA8DA		False	2370-03-16 08:50:04			2370-03-16 09:32:04	"42 minutes"		""	""	""	"Start is after end of Sarah meets Ajent 0 seconds
End is before start of Emil in the Morgue -42 seconds"	""		"Special Agent Ajent Jones"	"Special Agent Ajent Jones"	""	""	"Agent Jones wants the Gyges Disc"	"Agent Jones wants the Gyges Di"	""	""	""	""		
"Event"	"Sarah checks on Tony"	"EV142"	"Sarah checks on Tony"		10		#9FA8DA		False	2370-03-16 08:50:04			2370-03-16 10:20:04	"1 hour, 30 minutes"		""	""	""	"Start is after end of Sarah meets Ajent 0 seconds
End is before start of Sarah rescues Tony 0 seconds"	""		"Sarah Jacobson"	"Sarah Jacobson"	""	""	"Sarah & Tony"	"Sarah & Tony"	"Sarah’s Office"	"Sarah’s Office"	""	""		
"Event"	"Chip investigates a stasis anomaly"	"EV141"	"Chip investigates a stasis ano"		11	"Scene 1"	#9FA8DA		False	2370-03-16 10:00:42			2370-03-16 10:14:42	"14 minutes"		""	""	""	"Start is after end of Travis Teh's murder 8 hours
End is before start of Hayley Interviews Chip 0 seconds"	""		"Chip Stockwell
Padmala Chuglingham"	"Chip Stockwell
Padmala Chuglingham"	""	""	"Gyges Disc Research"	"Gyges Disc Research"	"Travis Teh’s Apartment
Chuglingham’s Apartment"	"Travis Teh’s Apartment
Chuglingham’s Apartment"	""	""		
"Event"	"Emil in the Morgue"	"EV4"	"Emil in the Morgue"		12		#9FA8DA		False	2370-03-16 10:50:46			2370-03-16 11:32:46	"42 minutes"		""	""	""	"End is before start of Ajent questions Dick and Rick -4 days
Start is after end of Sarah meets Ajent 0 seconds
Start is after end of Ajent is not human 42 seconds"	""		"Emil Kalheri
Special Agent Ajent Jones"	"Emil Kalheri
Special Agent Ajent Jones"	""	""	"Agent Jones wants the Gyges Disc"	"Agent Jones wants the Gyges Di"	""	""	""	""		
"Event"	"Tony meets his drinking buddies"	"EV126"	"Tony meets his drinking buddie"		13		"Blue"		False	2370-03-16 16:00			2370-03-16 16:04:02	"4 minutes, 2 seconds"		""	""	""	"Start is after end of Tony meets Emil 0 seconds
End is before start of Sarah rescues Tony -90 minutes
Start is after start of Murder Day 16 hours
End is before start of Halo meets Avi 0 seconds"	""		"Abe
Major
Haloren Smythe"	"Abe
Major
Haloren Smythe"	""	""	"Tony’s Inheritance"	"Tony’s Inheritance"	"Stickett Inn"	"Stickett Inn"	""	""		
"Event"	"Police interrupt Candid Criminal"	"EV80"	"Police interrupt Candid Crimin"		14		#9FA8DA		False	2370-03-16 16:54:04			2370-03-16 17:36:04	"42 minutes"		""	""	""	"End equals start of Alexander arrives at the bomb  -13 minutes
Start is before start of Tony and Sarah in the explosio -44 minutes"	""		"Alexander Shakti
Hamish Hammersmith"	"Alexander Shakti
Hamish Hammersmith"	""	""	"Stickett Inn Bombing
Alexander loves Sarah"	"Stickett Inn Bombing
Alexander loves Sarah"	"Random Camera Studio"	"Random Camera Studio"	""	""		
"Event"	"Sarah rescues Tony"	"EV99"	"Sarah rescues Tony"		15		#9FA8DA		False	2370-03-16 17:34:02			2370-03-16 17:38:04	"4 minutes, 2 seconds"		""	""	""	"End is before start of Tony and Sarah in the explosio 0 seconds
Start is after end of Sarah checks on Tony 0 seconds
Start is after end of Tony meets his drinking buddie 90 minutes"	""		"Tony Chantara
Abe
Sarah Jacobson
Major
Haloren Smythe"	"Tony Chantara
Abe
Sarah Jacobson
Major
Haloren Smythe"	""	""	"Sarah & Tony
Tony’s Inheritance
Nightclub Vampire"	"Sarah & Tony
Tony’s Inheritance
Nightclub Vampire"	"Stickett Inn"	"Stickett Inn"	""	""		
"Event"	"Tony and Sarah in the explosion"	"EV135"	"Tony and Sarah in the explosio"		16		"Pink"		False	2370-03-16 17:38:04			2370-03-16 17:38:46	"42 seconds"		""	""	""	"Start is after end of Sarah rescues Tony 0 seconds
Start is after start of Police interrupt Candid Crimin 44 minutes
Start is after start of Halo meets Avi 0 seconds"	""		"Tony Chantara
Sarah Jacobson"	"Tony Chantara
Sarah Jacobson"	""	""	"Stickett Inn Bombing
Sarah & Tony
Tony’s Inheritance"	"Stickett Inn Bombing
Sarah & Tony
Tony’s Inheritance"	"Stickett Inn"	"Stickett Inn"	""	""		
"Event"	"Halo meets Avi"	"EV125"	"Halo meets Avi"		17		#9FA8DA		False	2370-03-16 17:38:04			2370-03-16 18:20:04	"42 minutes"		""	""	""	"Start is after end of Tony meets his drinking buddie 0 seconds
Start is before start of Tony and Sarah in the explosio 0 seconds"	""		"Avi Grubler
Haloren Smythe"	"Avi Grubler
Haloren Smythe"	""	""	"Stickett Inn Bombing
Nightclub Vampire"	"Stickett Inn Bombing
Nightclub Vampire"	"Stickett Inn
Avi’s Apartment"	"Stickett Inn
Avi’s Apartment"	""	""		
"Event"	"Alexander arrives at the bomb site"	"EV5"	"Alexander arrives at the bomb "		18		#9FA8DA		False	2370-03-16 17:49:04			2370-03-16 18:06:04	"17 minutes"		""	""	""	"Start equals end of Police interrupt Candid Crimin 13 minutes
End is before start of Sarah & Tony recover 15 minutes"	""		"Alexander Shakti
Tony Chantara
Corporal Sman
Sarah Jacobson
Captain Junkers"	"Alexander Shakti
Tony Chantara
Corporal Sman
Sarah Jacobson
Captain Junkers"	""	""	"Stickett Inn Bombing
Alexander loves Sarah"	"Stickett Inn Bombing
Alexander loves Sarah"	"Stickett Inn"	"Stickett Inn"	""	""		
"Event"	"Sarah & Tony recover"	"EV79"	"Sarah & Tony recover"		19		#9FA8DA		False	2370-03-16 17:51:04			2370-04-21 17:51:04	"1 month, 5 days"		""	""	""	"End is before start of Ajent Finds Tony 0 seconds
Start is after end of Alexander arrives at the bomb  -15 minutes"	""		"Alexander Shakti
Tony Chantara
Sarah Jacobson"	"Alexander Shakti
Tony Chantara
Sarah Jacobson"	""	""	"Sarah & Tony
Alexander loves Sarah"	"Sarah & Tony
Alexander loves Sarah"	"Tony’s Apartment"	"Tony’s Apartment"	""	""		
"Event"	"Ajent questions Dick and Rick"	"EV11"	"Ajent questions Dick and Rick"		20		#9FA8DA		False	2370-04-24 18:55			2370-04-25 18:55	"1 day"		""	""	""	"End is before start of Ajent Finds Tony 30 minutes
Start is after end of Emil in the Morgue 4 days"	""		"Dick van Dyke
Rick van Reich
Special Agent Ajent Jones"	"Dick van Dyke
Rick van Reich
Special Agent Ajent Jones"	""	""	"Agent Jones wants the Gyges Disc"	"Agent Jones wants the Gyges Di"	"Truth"	"Truth"	""	""		
"Event"	"Holy Momma Day"	"EV240"	"Holy Momma Day"		21		#ffffff		False	2370-04-25			2370-04-25	"1 day"		""	""	""	"Start is before start of Ajent Finds Tony 0 seconds"	""		""	""	""	""	""	""	""	""	""	""		
"Event"	"Ajent Finds Tony"	"EV144"	"Ajent Finds Tony"		22		"Pink"		False	2370-04-25 18:53			2370-04-25 19:09	"16 minutes"		""	""	""	"End is before start of Sarah & Tony take refuge in th -45 minutes
Start is after end of Sarah & Tony recover 0 seconds
End is before start of Tony & Sarah Escape from Ajent 0 seconds
Start is after end of Ajent questions Dick and Rick -30 minutes
Start is after start of Holy Momma Day 0 seconds"	""		"Tony Chantara
Sarah Jacobson
Special Agent Ajent Jones"	"Tony Chantara
Sarah Jacobson
Special Agent Ajent Jones"	""	""	"Sarah & Tony
Agent Jones wants the Gyges Disc"	"Sarah & Tony
Agent Jones wants the Gyges Di"	"Tony’s Apartment"	"Tony’s Apartment"	""	""		
"Event"	"Tony & Sarah Escape from Ajent"	"EV153"	"Tony & Sarah Escape from Ajent"		23		#9FA8DA		False	2370-04-25 19:11			2370-04-25 19:53	"42 minutes"		""	""	""	"Start is after end of Ajent Finds Tony 0 seconds
End is before start of Sarah & Tony take refuge in th 0 seconds"	""		""	""	""	""	""	""	""	""	""	""		
"Event"	"Sarah & Tony take refuge in the Memphis Mafia Bar"	"EV43"	"Sarah & Tony take refuge in th"		24		#9FA8DA		False	2370-04-25 19:54:00			2370-04-25 20:36:00	"42 minutes"		""	""	""	"Start is before start of Sarah shows Johnny the Disc -38 minutes
Start is after end of Ajent Finds Tony 45 minutes
Start is after end of Tony & Sarah Escape from Ajent 0 seconds"	""		"Tony Chantara
Sarah Jacobson
Lonnie"	"Tony Chantara
Sarah Jacobson
Lonnie"	""	""	"Great Teacher
Sarah & Tony"	"Great Teacher
Sarah & Tony"	"Memphis Mafia Bar"	"Memphis Mafia Bar"	""	""		
"Event"	"Sarah shows Johnny the Disc"	"EV78"	"Sarah shows Johnny the Disc"		25		#9FA8DA		False	2370-04-25 20:32:00			2370-04-25 20:40:00	"8 minutes"		""	""	""	"Start equals start of Kleo propositions Sarah -8 minutes
Start is after start of Sarah & Tony take refuge in th 38 minutes"	""		"Sarah Jacobson
John Stoat"	"Sarah Jacobson
John Stoat"	""	""	"Gyges Disc Research"	"Gyges Disc Research"	"Memphis Mafia Bar"	"Memphis Mafia Bar"	""	""		
"Event"	"Kleo propositions Sarah"	"EV7"	"Kleo propositions Sarah"		26		#9FA8DA		False	2370-04-25 20:40			2370-04-25 20:50	"10 minutes"		""	""	""	"Start equals start of Sarah shows Johnny the Disc 8 minutes
End is before start of Ajent Mounts a Raid -10 minutes"	""		"Sarah Jacobson
John Stoat
Kleoboulos Windus"	"Sarah Jacobson
John Stoat
Kleoboulos Windus"	""	""	"Prophecy"	"Prophecy"	"Memphis Mafia Bar"	"Memphis Mafia Bar"	""	""		
"Event"	"Ajent Mounts a Raid"	"EV65"	"Ajent Mounts a Raid"		27		#9FA8DA		False	2370-04-25 21:00			2370-04-25 21:18	"18 minutes"		""	""	""	"Start is after end of Kleo propositions Sarah 10 minutes
End is before start of Going to Graceland 0 seconds"	""		"Tony Chantara
Sarah Jacobson
John Stoat
Lonnie
Kleoboulos Windus
Special Agent Ajent Jones"	"Tony Chantara
Sarah Jacobson
John Stoat
Lonnie
Kleoboulos Windus
Special Agent Ajent Jones"	""	""	"The Rise of the Elvi
Agent Jones wants the Gyges Disc"	"The Rise of the Elvi
Agent Jones wants the Gyges Di"	"Memphis Mafia Bar"	"Memphis Mafia Bar"	""	""		
"Event"	"Going to Graceland"	"EV58"	"Going to Graceland"		28		#9FA8DA		False	2370-04-25 21:18			2370-04-25 22:00	"42 minutes"		""	""	""	"End is before start of Vegas Show 0 seconds
Start is after end of Ajent Mounts a Raid 0 seconds"	""		"Tony Chantara
Elmer Elvis
Sarah Jacobson
Chilo Damagetus
Solo Athena
Kleoboulos Windus"	"Tony Chantara
Elmer Elvis
Sarah Jacobson
Chilo Damagetus
Solo Athena
Kleoboulos Windus"	""	""	"Great Teacher
Sarah & Tony
The Rise of the Elvi
Holy Momma"	"Great Teacher
Sarah & Tony
The Rise of the Elvi
Holy Momma"	"the Ghetto"	"the Ghetto"	""	""		
"Event"	"Vegas Show"	"EV83"	"Vegas Show"		29		"Pink"		False	2370-04-25 22:00			2370-04-26 02:00	"4 hours"		""	""	""	"End is before start of The Sages impregnate Sarah -2 hours
Start is after end of Going to Graceland 0 seconds
End is before start of Sarah Rejects the Sages 0 seconds"	""		"Tony Chantara
Sarah Jacobson
Lonnie"	"Tony Chantara
Sarah Jacobson
Lonnie"	""	""	"The Rise of the Elvi
Holy Momma"	"The Rise of the Elvi
Holy Momma"	""	""	""	""		
"Event"	"Sarah Rejects the Sages"	"EV145"	"Sarah Rejects the Sages"		30		#9FA8DA		False	2370-04-26 02:00			2370-04-26 02:15	"15 minutes"		""	""	""	"Start is after end of Vegas Show 0 seconds
End is before start of The Gyges Disc attacks Sarah 0 seconds"	""		"Sarah Jacobson
Chilo Damagetus
Solo Athena
Kleoboulos Windus"	"Sarah Jacobson
Chilo Damagetus
Solo Athena
Kleoboulos Windus"	""	""	"Holy Momma
Prophecy"	"Holy Momma
Prophecy"	"Graceland"	"Graceland"	""	""		
"Event"	"The Gyges Disc attacks Sarah"	"EV160"	"The Gyges Disc attacks Sarah"		31		#9FA8DA		False	2370-04-26 02:15			2370-04-26 04:15	"2 hours"		""	""	""	"End is before start of Tony goes to buy coffee 0 seconds
End is before start of Sarah sees Doctors John  & Nic -3 weeks
Start is after end of Sarah Rejects the Sages 0 seconds"	""		"Sarah Jacobson
Tony Chantara"	"Sarah Jacobson
Tony Chantara"	""	""	"Gyges Disc Research"	"Gyges Disc Research"	""	""	""	""		
"Event"	"The Sages impregnate Sarah"	"EV118"	"The Sages impregnate Sarah"		32		#9FA8DA		False	2370-04-26 05:36			2370-04-26 05:46	"10 minutes"		""	""	""	"Start is before start of Kathy determines the lineage o -43 days, -4 hours
Start is after end of Vegas Show 2 hours
End is before start of Birth of the Dawkins 243 days"	""		"Tony Chantara
Sarah Jacobson
Chilo Damagetus
Lonnie
Kleoboulos Windus"	"Tony Chantara
Sarah Jacobson
Chilo Damagetus
Lonnie
Kleoboulos Windus"	""	""	"Sarah & Tony
Gyges Disc Research
Prophecy"	"Sarah & Tony
Gyges Disc Research
Prophecy"	"the Ghetto"	"the Ghetto"	""	""		
"Event"	"Tony goes to buy coffee"	"EV37"	"Tony goes to buy coffee"		33		#9FA8DA		False	2370-04-26 08:21			2370-04-26 09:03	"42 minutes"		""	""	""	"End is before start of Alexander Arrests Tony 0 seconds
Start is after end of The Gyges Disc attacks Sarah 0 seconds"	""		"Tony Chantara"	"Tony Chantara"	""	""	""	""	"the Ghetto"	"the Ghetto"	""	""		
"Event"	"Alexander Arrests Tony"	"EV129"	"Alexander Arrests Tony"		34		"Pink"		False	2370-04-26 09:03			2370-04-26 09:23	"20 minutes"		""	""	""	"Start is after end of Tony goes to buy coffee 0 seconds
End is before start of Halo discovers Tony has been f -5 hours
End is before start of Alexander visits Hayley -27 hours
End is before start of The Elvi break Tony out 0 seconds
End is before start of Hayley begins investigating 0 seconds"	""		"Alexander Shakti
Tony Chantara"	"Alexander Shakti
Tony Chantara"	""	""	"Dunhilton exerts Power
Alexander loves Sarah"	"Dunhilton exerts Power
Alexander loves Sarah"	"the Ghetto"	"the Ghetto"	""	""		
"Event"	"Halo discovers Tony has been framed"	"EV12"	"Halo discovers Tony has been f"		35		#9FA8DA		False	2370-04-26 14:23:00			2370-04-26 15:05:00	"42 minutes"		""	""	""	"End equals start of Halo takes a vacation -1 days
Start is after end of Alexander Arrests Tony 5 hours"	""		"Alexander Shakti
Police Commissioner
Haloren Smythe
Piotr Dunhilton"	"Alexander Shakti
Police Commissioner
Haloren Smythe
Piotr Dunhilton"	""	""	"Dunhilton exerts Power
Nightclub Vampire"	"Dunhilton exerts Power
Nightclub Vampire"	""	""	""	""		
"Event"	"Alexander visits Hayley"	"EV93"	"Alexander visits Hayley"		36		#9FA8DA		False	2370-04-27 12:23:00			2370-04-27 13:53:00	"1 hour, 30 minutes"		""	""	""	"End is before start of Hayley challenges Alexander ab 0 seconds
Start is after end of Alexander Arrests Tony 27 hours"	""		"Alexander Shakti
Hayley Lanning"	"Alexander Shakti
Hayley Lanning"	""	""	"Alexander loves Sarah
Hayley’s Investigations
Nightclub Vampire"	"Alexander loves Sarah
Hayley’s Investigations
Nightclub Vampire"	""	""	""	""		
"Event"	"Halo takes a vacation"	"EV66"	"Halo takes a vacation"		37		#9FA8DA		False	2370-04-27 15:05:00			2370-05-18 10:45:00	"2 weeks, 6 days, 19 hours, 40 minutes"		""	""	""	"Start equals end of Halo discovers Tony has been f 1 day
End is before start of Gerry becomes Commissioner of  0 seconds"	""		"Police Commissioner
Haloren Smythe"	"Police Commissioner
Haloren Smythe"	""	""	"Nightclub Vampire"	"Nightclub Vampire"	""	""	""	""		
"Event"	"Sarah sees Doctors John  & Nick"	"EV143"	"Sarah sees Doctors John  & Nic"		38		#9FA8DA		False	2370-05-17 04:15			2370-05-26 09:15	"1 week, 2 days, 5 hours"		""	""	""	"End is before start of Kathy visits Sarah -18 hours
Start is after end of The Gyges Disc attacks Sarah 3 weeks
End is before start of Sarah’s boss orders her back t 0 seconds"	""		"Sarah Jacobson
Nancy
Dr Nick
Dr John"	"Sarah Jacobson
Nancy
Dr Nick
Dr John"	""	""	"Holy Momma"	"Holy Momma"	"the Mansion"	"the Mansion"	""	""		
"Event"	"Gerry becomes Commissioner of Police"	"EV36"	"Gerry becomes Commissioner of "		39		#9FA8DA		False	2370-05-18 10:45			2370-05-18 11:45	"1 hour"		""	""	""	"End equals start of Halo goes on a killing spree 0 seconds
Start is after end of Halo takes a vacation 0 seconds
End is before start of Ajent sets himself against Ger -3 hours"	""		"Gerald “Very” Hardman
Piotr Dunhilton
Special Agent Ajent Jones"	"Gerald “Very” Hardman
Piotr Dunhilton
Special Agent Ajent Jones"	""	""	"Gerry’s Rise"	"Gerry’s Rise"	""	""	""	""		
"Event"	"Halo goes on a killing spree"	"EV19"	"Halo goes on a killing spree"		40		#9FA8DA		False	2370-05-18 11:45:00			2370-05-22 11:45:00	"4 days"		""	""	""	"Start equals end of Gerry becomes Commissioner of  0 seconds"	""		"Haloren Smythe"	"Haloren Smythe"	""	""	"Nightclub Vampire"	"Nightclub Vampire"	""	""	""	""		
"Event"	"Ajent sets himself against Gerry"	"EV163"	"Ajent sets himself against Ger"		41		#9FA8DA		False	2370-05-18 14:45			2370-05-18 14:45	"0 seconds"		""	""	""	"Start is after end of Gerry becomes Commissioner of  3 hours
End is before start of The Elvi break Tony out 0 seconds"	""		""	""	""	""	""	""	""	""	""	""		
"Event"	"Sarah’s boss orders her back to the office"	"EV226"	"Sarah’s boss orders her back t"		42		"Purple"		False	2370-05-26 11:21			2370-05-26 11:21	"0 seconds"		""	""	""	"Start is after end of Sarah sees Doctors John  & Nic 0 seconds
End is before start of Sarah learns a co-worker is ge -8 days"	""		""	""	""	""	""	""	""	""	""	""		
"Event"	"Kathy visits Sarah"	"EV164"	"Kathy visits Sarah"		43		"Purple"		False	2370-05-27 03:15			2370-05-27 07:15	"4 hours"		""	""	""	"Start is after end of Sarah sees Doctors John  & Nic 18 hours
End is before start of A battalion of Tulsas protect  -1 days"	""		""	""	""	""	""	""	""	""	""	""		
"Event"	"A battalion of Tulsas protect the mansion"	"EV84"	"A battalion of Tulsas protect "		44		#9FA8DA		False	2370-05-28 07:15			2370-05-28 07:30	"15 minutes"		""	""	""	"Start is after end of Kathy visits Sarah 1 day
End is before start of The Elvi break Tony out -1 days"	""		"Sarah Jacobson
Tulsa McLean"	"Sarah Jacobson
Tulsa McLean"	""	""	"The Rise of the Elvi
Holy Momma"	"The Rise of the Elvi
Holy Momma"	"the Mansion"	"the Mansion"	""	""		
"Event"	"The Elvi break Tony out"	"EV133"	"The Elvi break Tony out"		45		"Pink"		False	2370-05-29 07:30:00			2370-05-29 11:30:00	"4 hours"		""	""	""	"Start is after end of Alexander Arrests Tony 0 seconds
Start is after end of A battalion of Tulsas protect  1 day
End is before start of The CEO convenes a war cabinet 0 seconds
End is before end of Sarah turns over the Gyges Dis 0 seconds
End is before start of Hayley challenges Alexander ab -1 days
Start is after end of Ajent sets himself against Ger 0 seconds"	""		"Tony Chantara
Tulsa McLean
Special Agent Ajent Jones"	"Tony Chantara
Tulsa McLean
Special Agent Ajent Jones"	"Hayley Lanning"	"Hayley Lanning"	"Great Teacher
The Rise of the Elvi
TPlus viral transmission"	"Great Teacher
The Rise of the Elvi
TPlus viral transmission"	"Truth"	"Truth"	""	""		
"Event"	"Sarah turns over the Gyges Disc"	"EV139"	"Sarah turns over the Gyges Dis"		46		#9FA8DA		False	2370-05-29 11:19:00			2370-05-29 11:30:00	"11 minutes"		""	""	""	"End equals start of Sarah and Tony reconcile 0 seconds
End is after end of The Elvi break Tony out 0 seconds
End is before start of Johnny tests the discs -2 weeks"	""		"Tony Chantara
Sarah Jacobson
Eloise Shakti
John Stoat"	"Tony Chantara
Sarah Jacobson
Eloise Shakti
John Stoat"	""	""	"Gyges Disc Research
Eloise wants to retire"	"Gyges Disc Research
Eloise wants to retire"	"the Mansion"	"the Mansion"	""	""		
"Event"	"Sarah and Tony reconcile"	"EV6"	"Sarah and Tony reconcile"		47		#9FA8DA		False	2370-05-29 11:30:00			2370-05-29 11:41:00	"11 minutes"		""	""	""	"Start equals end of Sarah turns over the Gyges Dis 0 seconds"	""		"Tony Chantara
Sarah Jacobson
Eloise Shakti"	"Tony Chantara
Sarah Jacobson
Eloise Shakti"	""	""	"Sarah & Tony"	"Sarah & Tony"	""	""	""	""		
"Event"	"The CEO convenes a war cabinet"	"EV46"	"The CEO convenes a war cabinet"		48		#9FA8DA		False	2370-05-29 12:00			2370-05-29 12:30	"30 minutes"		""	""	""	"Start is after end of The Elvi break Tony out 0 seconds
End is before start of Gerry proposes a solution to t 0 seconds"	""		"Gerald “Very” Hardman
Director of Foreign Affairs
President of the Humpty Doo Tank Battle Reenactment Club
Commissioner of Elvi Rights
Director of Defence
Director of Moral Observance
Director of Freedom
Director of Tourism
Director of Housing
Piotr Dunhilton
Special Agent Ajent Jones
Refrigeration Ombudsman"	"Gerald “Very” Hardman
Director of Foreign Affairs
President of the Humpty Doo Ta
Commissioner of Elvi Rights
Director of Defence
Director of Moral Observance
Director of Freedom
Director of Tourism
Director of Housing
Piotr Dunhilton
Special Agent Ajent Jones
Refrigeration Ombudsman"	""	""	"Dunhilton exerts Power
The Rise of the Elvi"	"Dunhilton exerts Power
The Rise of the Elvi"	""	""	""	""		
"Event"	"Gerry proposes a solution to the Elvi problem"	"EV81"	"Gerry proposes a solution to t"		49		#9FA8DA		False	2370-05-29 12:30			2370-05-29 12:55	"25 minutes"		""	""	""	"Start is after end of The CEO convenes a war cabinet 0 seconds
End is before start of Gerry starts opening labs 0 seconds
End is before start of Ajent hones in on Gerry 0 seconds"	""		"Gerald “Very” Hardman
Piotr Dunhilton"	"Gerald “Very” Hardman
Piotr Dunhilton"	""	""	"Dunhilton exerts Power
Gerry’s Rise
The Rise of the Elvi
Gerry’s Virus"	"Dunhilton exerts Power
Gerry’s Rise
The Rise of the Elvi
Gerry’s Virus"	""	""	""	""		
"Event"	"Gerry starts opening labs"	"EV168"	"Gerry starts opening labs"		50		#9FA8DA		False	2370-05-29 12:55			2370-05-29 12:55	"0 seconds"		""	""	""	"Start is after end of Gerry proposes a solution to t 0 seconds
End is before start of Gerry plans opening the final  2 months"	""		""	""	""	""	""	""	""	""	""	""		
"Event"	"Hayley challenges Alexander about Chanta"	"EV94"	"Hayley challenges Alexander ab"		51		#9FA8DA		False	2370-05-30 12:00			2370-05-30 12:06	"6 minutes"		""	""	""	"Start is after end of Alexander visits Hayley 0 seconds
End is before start of Hayley begins investigating 0 seconds
Start is after end of The Elvi break Tony out 1 day"	""		"Alexander Shakti
Hayley Lanning"	"Alexander Shakti
Hayley Lanning"	""	""	"Hayley’s Investigations
Nightclub Vampire"	"Hayley’s Investigations
Nightclub Vampire"	""	""	""	""		
"Event"	"Hayley begins investigating"	"EV136"	"Hayley begins investigating"		52		#9FA8DA		False	2370-05-30 12:06			2370-05-30 12:48	"42 minutes"		""	""	""	"Start is after end of Alexander Arrests Tony 0 seconds
Start is after end of Hayley challenges Alexander ab 0 seconds
End is before start of Hayley Investigates the Sticke -42 minutes"	""		"Hayley Lanning"	"Hayley Lanning"	""	""	"Stickett Inn Bombing
Hayley’s Investigations
Nightclub Vampire"	"Stickett Inn Bombing
Hayley’s Investigations
Nightclub Vampire"	""	""	""	""		
"Event"	"Hayley Investigates the Stickett Inn"	"EV32"	"Hayley Investigates the Sticke"		53		#9FA8DA		False	2370-05-30 13:30			2370-05-30 14:12	"42 minutes"		""	""	""	"End is before start of Hayley investigates Halo -42 minutes
Start is after end of Hayley begins investigating 42 minutes"	""		"Abe
Hayley Lanning
Major"	"Abe
Hayley Lanning
Major"	""	""	"Stickett Inn Bombing
Hayley’s Investigations"	"Stickett Inn Bombing
Hayley’s Investigations"	"Stickett Inn"	"Stickett Inn"	""	""		
"Event"	"Hayley investigates Halo"	"EV57"	"Hayley investigates Halo"		54		#9FA8DA		False	2370-05-30 14:54			2370-05-30 15:36	"42 minutes"		""	""	""	"End is before start of Hayley investigates the Memphi 0 seconds
Start is after end of Hayley Investigates the Sticke 42 minutes"	""		"Hayley Lanning"	"Hayley Lanning"	""	""	"Hayley’s Investigations
Nightclub Vampire"	"Hayley’s Investigations
Nightclub Vampire"	""	""	""	""		
"Event"	"Hayley investigates the Memphis Mafia Bar"	"EV244"	"Hayley investigates the Memphi"		55		#9FA8DA		False	2370-05-30 15:36			2370-05-30 15:42	"6 minutes"		""	""	""	"Start is after end of Hayley investigates Halo 0 seconds
End is before start of Hayley inspects Tony's apartme -42 minutes"	""		""	""	"Hayley Lanning"	"Hayley Lanning"	""	""	""	""	""	""		
"Event"	"Hayley inspects Tony's apartment"	"EV85"	"Hayley inspects Tony's apartme"		56		#9FA8DA		False	2370-05-30 16:24			2370-05-30 16:28:02	"4 minutes, 2 seconds"		""	""	""	"Start is after end of Hayley investigates the Memphi 42 minutes
Start is before start of Hayley inspects Sarah’s apartm -18 hours"	""		"Hayley Lanning"	"Hayley Lanning"	""	""	"Hayley’s Investigations"	"Hayley’s Investigations"	"Tony’s Apartment"	"Tony’s Apartment"	""	""		
"Event"	"Hayley inspects Sarah’s apartment"	"EV170"	"Hayley inspects Sarah’s apartm"		57		#9FA8DA		False	2370-05-31 10:24			2370-05-31 10:28:02	"4 minutes, 2 seconds"		""	""	""	"Start is after start of Hayley inspects Tony's apartme 18 hours
End is before start of Hayley inspects Halo's apartme -5 hours"	""		"Hayley Lanning"	"Hayley Lanning"	""	""	""	""	""	""	""	""		
"Event"	"Hayley inspects Halo's apartment"	"EV127"	"Hayley inspects Halo's apartme"		58		#9FA8DA		False	2370-05-31 15:28:02			2370-05-31 15:32:04	"4 minutes, 2 seconds"		""	""	""	"Start is after end of Hayley inspects Sarah’s apartm 5 hours
End is before start of Hayley investigates Enchanted  -42 minutes"	""		"Hayley Lanning
Jody"	"Hayley Lanning
Jody"	""	""	"Hayley’s Investigations
Nightclub Vampire"	"Hayley’s Investigations
Nightclub Vampire"	""	""	""	""		
"Event"	"Hayley investigates Enchanted Cleaning"	"EV105"	"Hayley investigates Enchanted "		59		#9FA8DA		False	2370-05-31 21:43			2370-05-31 22:25	"42 minutes"		""	""	""	"Start is after end of Hayley inspects Halo's apartme 42 minutes"	""		"Hayley Lanning"	"Hayley Lanning"	""	""	"Travis Teh’s Murder
Hayley’s Investigations"	"Travis Teh’s Murder
Hayley’s Investigations"	""	""	""	""		
"Event"	"Sarah learns a co-worker is getting credit for her work"	"EV225"	"Sarah learns a co-worker is ge"	"Hastings"	60		#9FA8DA		False	2370-06-03 11:21			2370-06-03 11:21	"0 seconds"		""	""	""	"End is before start of Sarah gets fired -7 days
Start is after end of Sarah’s boss orders her back t 8 days"	""		""	""	""	""	""	""	""	""	""	""		
"Event"	"Kathy determines the lineage of Sarah's baby"	"EV96"	"Kathy determines the lineage o"		61		#9FA8DA		False	2370-06-08 09:36			2370-06-08 13:36	"4 hours"		""	""	""	"End is before start of Tony and the Elvi write a song -17 hours
Start is after start of The Sages impregnate Sarah 43 days, 4 hours"	""		"Dr Kathy Logan
Tony Chantara
Sarah Jacobson
Nancy"	"Dr Kathy Logan
Tony Chantara
Sarah Jacobson
Nancy"	""	""	"Holy Momma
Prophecy"	"Holy Momma
Prophecy"	""	""	""	""		
"Event"	"Tony and the Elvi write a song"	"EV17"	"Tony and the Elvi write a song"		62		#9FA8DA		False	2370-06-09 06:36:00			2370-06-09 06:51:00	"15 minutes"		""	""	""	"Start is after end of Kathy determines the lineage o 17 hours
End is before start of Alexander courts Sarah -1 days"	""		"Tony Chantara
Sarah Jacobson"	"Tony Chantara
Sarah Jacobson"	""	""	"Great Teacher
The Rise of the Elvi
TPlus viral transmission"	"Great Teacher
The Rise of the Elvi
TPlus viral transmission"	""	""	""	""		
"Event"	"Alexander courts Sarah"	"EV110"	"Alexander courts Sarah"		63		#9FA8DA		False	2370-06-10 06:51			2370-06-10 06:51	"0 seconds"		""	""	""	"End is before start of The sages call on the mansion 0 seconds
Start is after end of Tony and the Elvi write a song 1 day"	""		"Alexander Shakti
Sarah Jacobson"	"Alexander Shakti
Sarah Jacobson"	""	""	"Alexander loves Sarah"	"Alexander loves Sarah"	""	""	""	""		
"Event"	"The sages call on the mansion"	"EV33"	"The sages call on the mansion"		64		#9FA8DA		False	2370-06-10 06:51			2370-06-10 06:51	"0 seconds"		""	""	""	"Start is after end of Alexander courts Sarah 0 seconds
End is before start of Sarah considers abortion -10 hours"	""		"Dr Kathy Logan
Sarah Jacobson
Nancy
Chilo Damagetus
Solo Athena
Kleoboulos Windus"	"Dr Kathy Logan
Sarah Jacobson
Nancy
Chilo Damagetus
Solo Athena
Kleoboulos Windus"	""	""	"The Rise of the Elvi
Prophecy"	"The Rise of the Elvi
Prophecy"	"the Mansion"	"the Mansion"	""	""		
"Event"	"Sarah gets fired"	"EV224"	"Sarah gets fired"		65		#9FA8DA		False	2370-06-10 11:21			2370-06-10 11:21	"0 seconds"		""	""	""	"Start is after end of Sarah learns a co-worker is ge 7 days"	""		""	""	""	""	""	""	""	""	""	""		
"Event"	"Sarah considers abortion"	"EV86"	"Sarah considers abortion"		66		#9FA8DA		False	2370-06-10 16:51			2370-06-10 16:51	"0 seconds"		""	""	""	"Start is after end of The sages call on the mansion 10 hours
End is before start of The Elvi Interrupt Dinner 0 seconds"	""		"Dr Kathy Logan
Tony Chantara
Sarah Jacobson
Captain Denver A. Elvis"	"Dr Kathy Logan
Tony Chantara
Sarah Jacobson
Captain Denver A. Elvis"	""	""	"Holy Momma"	"Holy Momma"	"the Mansion"	"the Mansion"	""	""		
"Event"	"The Elvi Interrupt Dinner"	"EV117"	"The Elvi Interrupt Dinner"		67		#9FA8DA		False	2370-06-10 16:51			2370-06-10 16:51	"0 seconds"		""	""	""	"Start is after end of Sarah considers abortion 0 seconds
End is before start of Sarah has nightmares -4 hours"	""		"Tony Chantara
Sarah Jacobson
Captain Denver A. Elvis"	"Tony Chantara
Sarah Jacobson
Captain Denver A. Elvis"	""	""	"The Rise of the Elvi
Holy Momma"	"The Rise of the Elvi
Holy Momma"	""	""	""	""		
"Event"	"Johnny tests the discs"	"EV62"	"Johnny tests the discs"		68		#9FA8DA		False	2370-06-12 11:30			2370-06-12 19:30	"8 hours"		""	""	""	"Start is after end of Sarah turns over the Gyges Dis 2 weeks
End is before start of Johnny blows up a lab -2 weeks"	""		"John Stoat
Orion Contolan"	"John Stoat
Orion Contolan"	""	""	"Gyges Disc Research"	"Gyges Disc Research"	""	""	""	""		
"Event"	"Johnny blows up a lab"	"EV70"	"Johnny blows up a lab"		69		#9FA8DA		False	2370-06-26 19:30			2370-06-28 19:30	"2 days"		""	""	""	"End is before start of Sarah has nightmares 0 seconds
End is before start of Eloise fires the Johnny 0 seconds
Start is after end of Johnny tests the discs 2 weeks
End is before start of Alexander lays siege to the ma -1 days"	""		"John Stoat"	"John Stoat"	""	""	"Gyges Disc Research"	"Gyges Disc Research"	""	""	""	""		
"Event"	"Sarah has nightmares"	"EV95"	"Sarah has nightmares"		70		#9FA8DA		False	2370-06-28 19:30			2370-06-28 19:30	"0 seconds"		""	""	""	"Start is after end of The Elvi Interrupt Dinner 4 hours
Start is after end of Johnny blows up a lab 0 seconds
End is before start of Eloise fires the Johnny 0 seconds"	""		"Dr Kathy Logan
Sarah Jacobson"	"Dr Kathy Logan
Sarah Jacobson"	""	""	"Gyges Disc Research
Prophecy"	"Gyges Disc Research
Prophecy"	""	""	""	""		
"Event"	"Eloise fires the Johnny"	"EV108"	"Eloise fires the Johnny"		71		"Pink"		False	2370-06-28 19:30:00			2370-06-28 20:30:00	"1 hour"		""	""	""	"End is before start of Chilo assists Johnny with the  -18 hours
Start is after end of Johnny blows up a lab 0 seconds
Start is after end of Sarah has nightmares 0 seconds
End is before start of The Johnny meets with Hayley r -1 days
Start is before start of Johnny contacts Hayley -42 minutes"	""		"Eloise Shakti
John Stoat"	"Eloise Shakti
John Stoat"	""	""	"Gyges Disc Research"	"Gyges Disc Research"	"Blue Suede Bar"	"Blue Suede Bar"	""	""		
"Event"	"Johnny contacts Hayley"	"EV245"	"Johnny contacts Hayley"		72		#9FA8DA		False	2370-06-28 20:12			2370-06-28 20:16:02	"4 minutes, 2 seconds"		""	""	""	"End is before start of The Johnny meets with Hayley r 0 seconds
Start is after start of Eloise fires the Johnny 42 minutes"	""		""	""	"John Stoat
Hayley Lanning"	"John Stoat
Hayley Lanning"	""	""	""	""	""	""		
"Event"	"Alexander lays siege to the mansion"	"EV101"	"Alexander lays siege to the ma"		73		#9FA8DA		False	2370-06-29 19:30:00			2370-06-29 19:30:00	"0 seconds"		""	""	""	"End is before start of Hayley confronts Alexander at  -30 minutes
Start is after end of Johnny blows up a lab 1 day"	""		"Stacy
Alexander Shakti
Eloise Shakti
Blake Mudrak
Macy
Haloren Smythe"	"Stacy
Alexander Shakti
Eloise Shakti
Blake Mudrak
Macy
Haloren Smythe"	""	""	"The Rise of the Elvi
Alexander loves Sarah"	"The Rise of the Elvi
Alexander loves Sarah"	"the Mansion"	"the Mansion"	""	""		
"Event"	"Hayley questions Kathy"	"EV71"	"Hayley questions Kathy"		74		#9FA8DA		False	2370-06-29 20:00			2370-06-29 20:05	"5 minutes"		""	""	""	"End is before start of Ajent confronts Hayley 0 seconds
Start is after end of Hayley confronts Alexander at  0 seconds"	""		"Dr Kathy Logan
Hayley Lanning"	"Dr Kathy Logan
Hayley Lanning"	""	""	"The Rise of the Elvi
Holy Momma
Hayley’s Investigations"	"The Rise of the Elvi
Holy Momma
Hayley’s Investigations"	"the Mansion"	"the Mansion"	""	""		
"Event"	"Hayley confronts Alexander at the siege"	"EV14"	"Hayley confronts Alexander at "		75		#9FA8DA		False	2370-06-29 20:00			2370-06-29 20:00	"0 seconds"		""	""	""	"Start is after end of Alexander lays siege to the ma 30 minutes
End is before start of Hayley questions Kathy 0 seconds"	""		"Alexander Shakti
Hayley Lanning"	"Alexander Shakti
Hayley Lanning"	""	""	"Alexander loves Sarah
Hayley’s Investigations"	"Alexander loves Sarah
Hayley’s Investigations"	"the Mansion"	"the Mansion"	""	""		
"Event"	"Ajent confronts Hayley"	"EV134"	"Ajent confronts Hayley"		76		#9FA8DA		False	2370-06-29 20:05			2370-06-29 20:20	"15 minutes"		""	""	""	"Start is after end of Hayley questions Kathy 0 seconds
Start is before start of Hayley interviews Tony 0 seconds
End is before start of Ajent hones in on Gerry 0 seconds"	""		"Alexander Shakti
Tony Chantara
Hayley Lanning
Special Agent Ajent Jones"	"Alexander Shakti
Tony Chantara
Hayley Lanning
Special Agent Ajent Jones"	""	""	"Agent Jones wants the Gyges Disc
Hayley’s Investigations"	"Agent Jones wants the Gyges Di
Hayley’s Investigations"	"the Mansion"	"the Mansion"	""	""		
"Event"	"Eloise proposes to Sarah"	"EV18"	"Eloise proposes to Sarah"		77		#9FA8DA		False	2370-06-29 20:05			2370-06-29 20:25	"20 minutes"		""	""	""	"Start is after start of Hayley interviews Tony 0 seconds
End is before start of Eloise 'rescues' Sarah from th 0 seconds"	""		"Dr Kathy Logan
Alexander Shakti
Sarah Jacobson
Eloise Shakti"	"Dr Kathy Logan
Alexander Shakti
Sarah Jacobson
Eloise Shakti"	""	""	"Eloise wants to retire"	"Eloise wants to retire"	"the Mansion"	"the Mansion"	""	""		
"Event"	"Hayley interviews Tony"	"EV45"	"Hayley interviews Tony"		78		#9FA8DA		False	2370-06-29 20:05			2370-06-29 20:25	"20 minutes"		""	""	""	"Start is after start of Ajent confronts Hayley 0 seconds
Start is before start of Eloise proposes to Sarah 0 seconds"	""		"Alexander Shakti
Tony Chantara
Hayley Lanning"	"Alexander Shakti
Tony Chantara
Hayley Lanning"	""	""	"Alexander loves Sarah
Hayley’s Investigations"	"Alexander loves Sarah
Hayley’s Investigations"	"the Mansion"	"the Mansion"	""	""		
"Event"	"Ajent hones in on Gerry"	"EV55"	"Ajent hones in on Gerry"		79		"Purple"		False	2370-06-29 20:20			2370-06-29 21:02	"42 minutes"		""	""	""	"End is before start of Gerry acquires the TMinusVirus 0 seconds
End is before start of Ajent infiltrates the digging  0 seconds
Start is after end of Ajent confronts Hayley 0 seconds
Start is after end of Gerry proposes a solution to t 0 seconds"	""		"Special Agent Ajent Jones"	"Special Agent Ajent Jones"	""	""	"Gerry’s Rise"	"Gerry’s Rise"	""	""	""	""		
"Event"	"Eloise 'rescues' Sarah from the Elvi"	"EV48"	"Eloise 'rescues' Sarah from th"		80		#9FA8DA		False	2370-06-29 20:25			2370-06-29 20:25	"0 seconds"		""	""	""	"Start is after end of Eloise proposes to Sarah 0 seconds
End is before start of Eloise takes Sarah to Sublime  0 seconds
End is before start of Let your Momma go -6 days"	""		"Dr Kathy Logan
Alexander Shakti
Tony Chantara
Sarah Jacobson
Eloise Shakti
Hayley Lanning"	"Dr Kathy Logan
Alexander Shakti
Tony Chantara
Sarah Jacobson
Eloise Shakti
Hayley Lanning"	""	""	"Eloise wants to retire
The Rise of the Elvi"	"Eloise wants to retire
The Rise of the Elvi"	""	""	""	""		
"Event"	"The Johnny meets with Hayley re the Memphis Mafia Bar"	"EV107"	"The Johnny meets with Hayley r"		81		#9FA8DA		False	2370-06-29 20:30			2370-06-29 20:36	"6 minutes"		""	""	""	"Start is after end of Eloise fires the Johnny 1 day
Start is after end of Johnny contacts Hayley 0 seconds"	""		"John Stoat
Hayley Lanning"	"John Stoat
Hayley Lanning"	""	""	"Hayley’s Investigations"	"Hayley’s Investigations"	""	""	""	""		
"Event"	"Eloise takes Sarah to Sublime Point"	"EV40"	"Eloise takes Sarah to Sublime "		82		"Purple"		False	2370-06-29 22:01			2370-06-30 00:01	"2 hours"		""	""	""	"Start is after end of Eloise 'rescues' Sarah from th 0 seconds
End is before start of Sarah & Eloise Talk -14 hours
End is before start of Sarah's first night at Sublime -5 hours
Start is before start of Sarah's first night at Sublime 0 seconds"	""		"Dr Kathy Logan
Alexander Shakti
Sarah Jacobson
Eloise Shakti
Hayley Lanning"	"Dr Kathy Logan
Alexander Shakti
Sarah Jacobson
Eloise Shakti
Hayley Lanning"	""	""	"Eloise wants to retire"	"Eloise wants to retire"	"Sublime Point"	"Sublime Point"	""	""		
"Event"	"Sarah's first night at Sublime Point"	"EV82"	"Sarah's first night at Sublime"		83		"Pink"		False	2370-06-30 05:01			2370-06-30 11:31	"6 hours, 30 minutes"		""	""	""	"Start is after end of Eloise takes Sarah to Sublime  5 hours
Start is after start of Eloise takes Sarah to Sublime  0 seconds
End is before start of Kleo visits Sarah -1 hours
End is before start of Sarah tells Kathy she's in the -25 hours
End is before start of Sarah & Eloise Talk 0 seconds"	""		"Dr Kathy Logan
Sarah Jacobson"	"Dr Kathy Logan
Sarah Jacobson"	""	""	"Sarah & Tony"	"Sarah & Tony"	"Sublime Point"	"Sublime Point"	""	""		
"Event"	"Sarah & Eloise Talk"	"EV69"	"Sarah & Eloise Talk"		84		#9FA8DA		False	2370-06-30 14:01			2370-06-30 15:11	"1 hour, 10 minutes"		""	""	""	"Start is after end of Eloise takes Sarah to Sublime  14 hours
Start is after end of Sarah's first night at Sublime 0 seconds
End is before start of Hayley finally interviews Sara 0 seconds"	""		"Dr Kathy Logan
Sarah Jacobson
Eloise Shakti
Hayley Lanning"	"Dr Kathy Logan
Sarah Jacobson
Eloise Shakti
Hayley Lanning"	""	""	"Eloise wants to retire"	"Eloise wants to retire"	"Sublime Point"	"Sublime Point"	""	""		
"Event"	"Hayley finally interviews Sarah"	"EV1"	"Hayley finally interviews Sara"		85		#9FA8DA		False	2370-06-30 15:11			2370-06-30 15:11	"0 seconds"		""	""	""	"Start is after end of Sarah & Eloise Talk 0 seconds
End is before start of Kathy is suspicious of stasis  -4 hours"	""		"Dr Kathy Logan
Sarah Jacobson
Hayley Lanning"	"Dr Kathy Logan
Sarah Jacobson
Hayley Lanning"	""	""	"Gyges Disc Research
Hayley’s Investigations"	"Gyges Disc Research
Hayley’s Investigations"	"Sublime Point"	"Sublime Point"	""	""		
"Event"	"Kathy is suspicious of stasis fridges"	"EV23"	"Kathy is suspicious of stasis "		86		#9FA8DA		False	2370-06-30 19:11			2370-06-30 19:41	"30 minutes"		""	""	""	"Start is after end of Hayley finally interviews Sara 4 hours
End is before start of Hayley tries to break open a f 0 seconds"	""		"Dr Kathy Logan
Sarah Jacobson
Hayley Lanning"	"Dr Kathy Logan
Sarah Jacobson
Hayley Lanning"	""	""	"Gyges Disc Research
Three Sisters"	"Gyges Disc Research
Three Sisters"	"Sublime Point"	"Sublime Point"	""	""		
"Event"	"Sarah tells Kathy she's in the wrong bed"	"EV28"	"Sarah tells Kathy she's in the"		87		#9FA8DA		False	2370-07-01 12:31			2370-07-01 12:31	"0 seconds"		""	""	""	"Start is after end of Sarah's first night at Sublime 25 hours
End is before start of Hayley tries to break open a f -1 hours"	""		"Dr Kathy Logan
Sarah Jacobson"	"Dr Kathy Logan
Sarah Jacobson"	""	""	"Three Sisters"	"Three Sisters"	"Sublime Point"	"Sublime Point"	""	""		
"Event"	"Hayley tries to break open a fridge"	"EV60"	"Hayley tries to break open a f"		88		#9FA8DA		False	2370-07-01 13:31			2370-07-01 13:31	"0 seconds"		""	""	""	"Start is after end of Sarah tells Kathy she's in the 1 hour
End is before start of The Three Sisters are Locked U -7 hours
Start is after end of Kathy is suspicious of stasis  0 seconds"	""		"Hayley Lanning"	"Hayley Lanning"	""	""	"Gyges Disc Research
Three Sisters"	"Gyges Disc Research
Three Sisters"	"Sublime Point"	"Sublime Point"	""	""		
"Event"	"The Three Sisters are Locked Up"	"EV41"	"The Three Sisters are Locked U"		89		#9FA8DA		False	2370-07-01 20:31			2370-07-02 04:01	"7 hours, 30 minutes"		""	""	""	"Start is after end of Hayley tries to break open a f 7 hours
End is before start of Eloise and Sarah negotiate -10 minutes"	""		"Dr Kathy Logan
Sarah Jacobson
Eloise Shakti
Hayley Lanning"	"Dr Kathy Logan
Sarah Jacobson
Eloise Shakti
Hayley Lanning"	""	""	"Three Sisters"	"Three Sisters"	"Sublime Point"	"Sublime Point"	""	""		
"Event"	"Eloise and Sarah negotiate"	"EV140"	"Eloise and Sarah negotiate"		90		"Pink"		False	2370-07-02 04:11			2370-07-02 04:41	"30 minutes"		""	""	""	"Start is after end of The Three Sisters are Locked U 10 minutes
End is before start of Sarah rehires Johnny -18 hours
End is before start of Hayley Interviews Chip -19 hours
End is before start of The Inauguration of the High E 0 seconds"	""		"Dr Kathy Logan
Sarah Jacobson
Eloise Shakti
Hayley Lanning"	"Dr Kathy Logan
Sarah Jacobson
Eloise Shakti
Hayley Lanning"	""	""	"Gyges Disc Research
Three Sisters
Eloise wants to retire"	"Gyges Disc Research
Three Sisters
Eloise wants to retire"	"Sublime Point"	"Sublime Point"	""	""		
"Event"	"Hayley Interviews Chip"	"EV16"	"Hayley Interviews Chip"		91		#9FA8DA		False	2370-07-02 23:41			2370-07-02 23:41	"0 seconds"		""	""	""	"Start is after end of Eloise and Sarah negotiate 19 hours
End is before start of Eloise hires Chip -2 days, -2 hours
Start is after end of Chip investigates a stasis ano 0 seconds"	""		"Chip Stockwell
Hayley Lanning"	"Chip Stockwell
Hayley Lanning"	""	""	"Gyges Disc Research"	"Gyges Disc Research"	""	""	""	""		
"Event"	"Let your Momma go"	"EV103"	"Let your Momma go"		92		#9FA8DA		False	2370-07-05 20:25			2370-07-05 21:07	"42 minutes"		""	""	""	"End is before start of The Elvi relocate Chanta 0 seconds
Start is after end of Eloise 'rescues' Sarah from th 6 days"	""		"Alexander Shakti
Tony Chantara"	"Alexander Shakti
Tony Chantara"	""	""	"Great Teacher
The Rise of the Elvi
TPlus viral transmission"	"Great Teacher
The Rise of the Elvi
TPlus viral transmission"	"the Mansion"	"the Mansion"	""	""		
"Event"	"The Elvi relocate Chanta"	"EV59"	"The Elvi relocate Chanta"		93		#9FA8DA		False	2370-07-05 21:07			2370-07-05 21:07:42	"42 seconds"		""	""	""	"Start is after end of Let your Momma go 0 seconds
End is before start of Solo visits Tony -6 days"	""		"Tony Chantara
The High Elvis"	"Tony Chantara
The High Elvis"	""	""	"Great Teacher
The Rise of the Elvi
TPlus viral transmission"	"Great Teacher
The Rise of the Elvi
TPlus viral transmission"	"American Sound Studios"	"American Sound Studios"	""	""		
"Event"	"Gerry plans opening the final lab"	"EV2"	"Gerry plans opening the final "		94		#9FA8DA		False	2370-07-07 07:33			2370-07-07 08:15	"42 minutes"		""	""	""	"End is before start of Gerry acquires the bomb site -2 days
Start is after end of Gerry starts opening labs -2 months"	""		"Gerald “Very” Hardman"	"Gerald “Very” Hardman"	""	""	"Gerry’s Rise
Gerry’s Virus"	"Gerry’s Rise
Gerry’s Virus"	""	""	""	""		
"Event"	"Gerry acquires the bomb site"	"EV52"	"Gerry acquires the bomb site"		95		#9FA8DA		False	2370-07-09 08:15			2370-07-11 08:15	"2 days"		""	""	""	"Start is after end of Gerry plans opening the final  2 days
End is before start of Gerry acquires the TMinusVirus -28 days
End is before start of Ajent infiltrates the digging  0 seconds"	""		"Gerald “Very” Hardman
Ahmed Siddig
Special Agent Ajent Jones"	"Gerald “Very” Hardman
Ahmed Siddig
Special Agent Ajent Jones"	""	""	"Gerry’s Rise
Gerry’s Virus"	"Gerry’s Rise
Gerry’s Virus"	""	""	""	""		
"Event"	"Ajent infiltrates the digging mission"	"EV227"	"Ajent infiltrates the digging "		96		#9FA8DA		False	2370-07-11 08:15			2370-07-11 08:19:02	"4 minutes, 2 seconds"		""	""	""	"Start is after end of Gerry acquires the bomb site 0 seconds
Start is after end of Ajent hones in on Gerry 0 seconds
End is before start of Gerry acquires the TMinusVirus 0 seconds"	""		""	""	""	""	""	""	""	""	""	""		
"Event"	"Solo visits Tony"	"EV112"	"Solo visits Tony"		97		#9FA8DA		False	2370-07-11 21:07:42			2370-07-11 21:11:44	"4 minutes, 2 seconds"		""	""	""	"Start equals start of Kleo visits Sarah 0 seconds
Start is after end of The Elvi relocate Chanta 6 days
End is before start of Tony & the Elvisettes -3 days"	""		"Tony Chantara
Solo Athena"	"Tony Chantara
Solo Athena"	""	""	"Great Teacher
Prophecy"	"Great Teacher
Prophecy"	"American Sound Studios"	"American Sound Studios"	""	""		
"Event"	"Kleo visits Sarah"	"EV111"	"Kleo visits Sarah"		98		#9FA8DA		False	2370-07-11 21:07:42			2370-07-11 21:07:42	"0 seconds"		""	""	""	"Start is after end of Sarah's first night at Sublime 1 hour
Start equals start of Solo visits Tony 0 seconds
End is before start of Chilo assists Johnny with the  -12 hours"	""		"Sarah Jacobson
Kleoboulos Windus"	"Sarah Jacobson
Kleoboulos Windus"	""	""	"Prophecy"	"Prophecy"	"Sublime Point"	"Sublime Point"	""	""		
"Event"	"Chilo assists Johnny with the research"	"EV146"	"Chilo assists Johnny with the "		99		#9FA8DA		False	2370-07-12 09:07:42			2370-07-12 09:49:42	"42 minutes"		""	""	""	"Start is after end of Eloise fires the Johnny 18 hours
Start is after end of Kleo visits Sarah 12 hours
End is before start of Sarah rehires Johnny -48 hours"	""		"Chilo Damagetus
John Stoat"	"Chilo Damagetus
John Stoat"	""	""	"Gyges Disc Research
Prophecy"	"Gyges Disc Research
Prophecy"	""	""	""	""		
"Event"	"Sarah rehires Johnny"	"EV61"	"Sarah rehires Johnny"		100		"Purple"		False	2370-07-14 09:49:42			2370-07-14 09:49:42	"0 seconds"		""	""	""	"Start is after end of Eloise and Sarah negotiate 18 hours
Start equals start of Kathy fetches the Sages 0 seconds
Start is after end of Chilo assists Johnny with the  48 hours
Start is before start of Eloise hires Chip 0 seconds"	""		"Sarah Jacobson
Eloise Shakti
John Stoat"	"Sarah Jacobson
Eloise Shakti
John Stoat"	""	""	"Gyges Disc Research
Eloise wants to retire"	"Gyges Disc Research
Eloise wants to retire"	"Shakti Tower"	"Shakti Tower"	""	""		
"Event"	"Kathy fetches the Sages"	"EV3"	"Kathy fetches the Sages"		101		#9FA8DA		False	2370-07-14 09:49:42			2370-07-14 17:49:42	"8 hours"		""	""	""	"Start equals start of Sarah rehires Johnny 0 seconds"	""		"Dr Kathy Logan
Eloise Shakti
Chilo Damagetus
The High Elvis
Solo Athena
Kleoboulos Windus"	"Dr Kathy Logan
Eloise Shakti
Chilo Damagetus
The High Elvis
Solo Athena
Kleoboulos Windus"	""	""	"Gyges Disc Research
The Rise of the Elvi
Prophecy"	"Gyges Disc Research
The Rise of the Elvi
Prophecy"	"The Travelator"	"The Travelator"	""	""		
"Event"	"Eloise hires Chip"	"EV114"	"Eloise hires Chip"		102		#9FA8DA		False	2370-07-14 09:49:42			2370-07-14 09:49:42	"0 seconds"		""	""	""	"Start is after end of Hayley Interviews Chip 2 days, 2 hours
Start is after start of Sarah rehires Johnny 0 seconds
End is before start of The Chuglinghams Hold a BBQ 0 seconds"	""		"Chip Stockwell
Eloise Shakti
Hayley Lanning
Padmala Chuglingham"	"Chip Stockwell
Eloise Shakti
Hayley Lanning
Padmala Chuglingham"	""	""	"Gyges Disc Research
Eloise wants to retire"	"Gyges Disc Research
Eloise wants to retire"	"Gravity Well Restaurant"	"Gravity Well Restaurant"	""	""		
"Event"	"Tony & the Elvisettes"	"EV248"	"Tony & the Elvisettes"		103		#9FA8DA		False	2370-07-14 22:47:44			2370-07-14 23:29:44	"42 minutes"		""	""	""	"Start is after end of Solo visits Tony 3 days
End is before start of Recording is not going well -42 minutes"	""		""	""	"Tony Chantara"	"Tony Chantara"	"TPlus viral transmission"	"TPlus viral transmission"	""	""	""	""		
"Event"	"Recording is not going well"	"EV247"	"Recording is not going well"		104		#9FA8DA		False	2370-07-15 00:11:44			2370-07-15 00:53:44	"42 minutes"		""	""	""	"End is before start of Tony & the Elvi research the D 0 seconds
Start is after end of Tony & the Elvisettes 42 minutes"	""		"Tony Chantara"	"Tony Chantara"	""	""	""	""	""	""	""	""		
"Event"	"Tony & the Elvi research the Dawkins"	"EV246"	"Tony & the Elvi research the D"		105		#9FA8DA		False	2370-07-15 00:53:44			2370-07-15 01:35:44	"42 minutes"		""	""	""	"End is before start of The Inauguration of the High E 0 seconds
Start is after end of Recording is not going well 0 seconds"	""		"Tony Chantara"	"Tony Chantara"	""	""	"TPlus viral transmission"	"TPlus viral transmission"	""	""	""	""		
"Event"	"The Inauguration of the High Elvis"	"EV24"	"The Inauguration of the High E"		106		#ffffff		False	2370-08-08 08:15			2370-08-08 08:57	"42 minutes"		""	""	""	"End is before start of Holy Joint Venture 0 seconds
Start is after end of Eloise and Sarah negotiate 0 seconds
End is before start of Dunhilton reconvenes the war c 0 seconds
Start is after end of Tony & the Elvi research the D 0 seconds
End is before start of Dunilton & Gerry review a vid  -1 days
Start is before start of Gerry acquires the TMinusVirus -3 days, -6 hours"	""		"Tony Chantara
Sarah Jacobson
Chilo Damagetus
The High Elvis
Solo Athena
Kleoboulos Windus"	"Tony Chantara
Sarah Jacobson
Chilo Damagetus
The High Elvis
Solo Athena
Kleoboulos Windus"	""	""	"Sarah & Tony
The Rise of the Elvi
TPlus viral transmission"	"Sarah & Tony
The Rise of the Elvi
TPlus viral transmission"	""	""	""	""		
"Event"	"Dunilton & Gerry review a vid of the inauguration"	"EV230"	"Dunilton & Gerry review a vid "		107		#9FA8DA		False	2370-08-09 08:57			2370-08-09 08:57	"0 seconds"		""	""	""	"End is before start of Dunhilton reconvenes the war c 0 seconds
Start is after end of The Inauguration of the High E 1 day
End is before start of Gerry acquires the TMinusVirus 0 seconds"	""		""	""	""	""	""	""	""	""	""	""		
"Event"	"Gerry acquires the TMinusVirus"	"EV8"	"Gerry acquires the TMinusVirus"		108		"Pink"		False	2370-08-11 14:15			2370-08-11 14:57	"42 minutes"		""	""	""	"Start is after end of Ajent hones in on Gerry 0 seconds
Start is after end of Gerry acquires the bomb site 28 days
End is before start of Dunhilton & Hardman review the 0 seconds
Start is after end of Ajent infiltrates the digging  0 seconds
Start is after end of Dunilton & Gerry review a vid  0 seconds
Start is after start of The Inauguration of the High E 3 days, 6 hours
End is before start of Occupy Bent Street 0 seconds"	""		""	""	""	""	"Gerry’s Rise"	"Gerry’s Rise"	""	""	""	""		
"Event"	"The Elvi parachuted into St Hedges"	"EV181"	"The Elvi parachuted into St He"		109		#9FA8DA		False	2370-09-05 17:18			2370-09-05 17:18	"0 seconds"		""	""	""	"End is before start of Holy Joint Venture -42 minutes"	""		""	""	""	""	""	""	""	""	""	""		
"Event"	"Holy Joint Venture"	"EV109"	"Holy Joint Venture"		110		#ffffff		False	2370-09-05 18:00			2370-09-05 18:45	"45 minutes"		""	""	""	"Start is after end of The Inauguration of the High E 0 seconds
End is before start of Alexander gets reassigned -36 hours
End is before start of Dunhilton & Gerry inspect the  -14 hours
End equals start of HJV Reception -1 hours, -15 minutes
Start is after end of The Elvi parachuted into St He 42 minutes
Start is before start of The Chuglinghams Hold a BBQ -7 days, -18 hours"	""		"Ignatius d’Molesto
Alexander Shakti
Sarah Jacobson
John Stoat
The High Elvis
Piotr Dunhilton
Hayley Lanning
Dr Kathy Logan"	"Ignatius d’Molesto
Alexander Shakti
Sarah Jacobson
John Stoat
The High Elvis
Piotr Dunhilton
Hayley Lanning
Dr Kathy Logan"	""	""	"Dunhilton exerts Power
Eloise wants to retire
The Rise of the Elvi
Alexander loves Sarah
Holy Momma
Nightclub Vampire"	"Dunhilton exerts Power
Eloise wants to retire
The Rise of the Elvi
Alexander loves Sarah
Holy Momma
Nightclub Vampire"	"St Hedge’s Cathedral"	"St Hedge’s Cathedral"	""	""		
"Event"	"HJV Reception"	"EV128"	"HJV Reception"		111		#9FA8DA		False	2370-09-05 20:00			2370-09-05 24:00	"4 hours"		""	""	""	"End equals start of Halo Assaults Sarah 0 seconds
Start equals end of Holy Joint Venture 1 hour, 15 minutes"	""		"Dr Kathy Logan
Ignatius d’Molesto
Alexander Shakti
Little Clinton
Sarah Jacobson
John Stoat
Hayley Lanning
The High Elvis
Haloren Smythe
Piotr Dunhilton"	"Dr Kathy Logan
Ignatius d’Molesto
Alexander Shakti
Little Clinton
Sarah Jacobson
John Stoat
Hayley Lanning
The High Elvis
Haloren Smythe
Piotr Dunhilton"	""	""	"Eloise wants to retire
The Rise of the Elvi
Alexander loves Sarah
Holy Momma
Nightclub Vampire"	"Eloise wants to retire
The Rise of the Elvi
Alexander loves Sarah
Holy Momma
Nightclub Vampire"	"Gravity Well Restaurant"	"Gravity Well Restaurant"	""	""		
"Event"	"Halo Assaults Sarah"	"EV47"	"Halo Assaults Sarah"		112		#9FA8DA		False	2370-09-06 00:00:00			2370-09-06 00:15:00	"15 minutes"		""	""	""	"Start equals end of HJV Reception 0 seconds
End is before start of Chanta goes back to his old ap -8 hours
End is before start of Dunhilton & Hardman review the -8 hours"	""		"Dr Kathy Logan
Alexander Shakti
Tony Chantara
Sarah Jacobson
Eloise Shakti
John Stoat
Hayley Lanning
Haloren Smythe
Special Agent Ajent Jones"	"Dr Kathy Logan
Alexander Shakti
Tony Chantara
Sarah Jacobson
Eloise Shakti
John Stoat
Hayley Lanning
Haloren Smythe
Special Agent Ajent Jones"	""	""	"Great Teacher
Tony’s Inheritance
Alexander loves Sarah
Hayley’s Investigations
Nightclub Vampire"	"Great Teacher
Tony’s Inheritance
Alexander loves Sarah
Hayley’s Investigations
Nightclub Vampire"	"Gravity Well Restaurant"	"Gravity Well Restaurant"	""	""		
"Event"	"Dunhilton & Hardman review the SSS situation"	"EV35"	"Dunhilton & Hardman review the"		113		#9FA8DA		False	2370-09-06 08:15			2370-09-06 08:57	"42 minutes"		""	""	""	"End is before start of Dunhilton reconvenes the war c 0 seconds
Start is after end of Gerry acquires the TMinusVirus 0 seconds
Start is after end of Halo Assaults Sarah 8 hours"	""		"Gerald “Very” Hardman
Director of Freedom
Piotr Dunhilton"	"Gerald “Very” Hardman
Director of Freedom
Piotr Dunhilton"	""	""	"Dunhilton exerts Power
The Rise of the Elvi"	"Dunhilton exerts Power
The Rise of the Elvi"	""	""	""	""		
"Event"	"Chanta goes back to his old apartment"	"EV249"	"Chanta goes back to his old ap"		114		#9FA8DA		False	2370-09-06 08:15			2370-09-06 08:57	"42 minutes"		""	""	""	"Start is after end of Halo Assaults Sarah 8 hours
End is before start of Tony watches Halo’s Vid 0 seconds
End is before start of Chanta  finds Jamison's pentho -42 minutes"	""		"Tony Chantara"	"Tony Chantara"	""	""	""	""	""	""	""	""		
"Event"	"Dunhilton & Gerry inspect the parachute site"	"EV250"	"Dunhilton & Gerry inspect the "		115		#9FA8DA		False	2370-09-06 08:45			2370-09-06 09:27	"42 minutes"		""	""	""	"Start is after end of Holy Joint Venture 14 hours
End is before start of Dunhilton reconvenes the war c -42 minutes"	""		"Gerald “Very” Hardman
Piotr Dunhilton"	"Gerald “Very” Hardman
Piotr Dunhilton"	""	""	""	""	"St Hedge’s Cathedral"	"St Hedge’s Cathedral"	""	""		
"Event"	"Tony watches Halo’s Vid"	"EV10"	"Tony watches Halo’s Vid"		116		#9FA8DA		False	2370-09-06 08:57			2370-09-06 09:01:02	"4 minutes, 2 seconds"		""	""	""	"Start is after end of Chanta goes back to his old ap 0 seconds"	""		"Tony Chantara"	"Tony Chantara"	""	""	"Tony’s Inheritance"	"Tony’s Inheritance"	"American Sound Studios"	"American Sound Studios"	""	""		
"Event"	"Chanta  finds Jamison's penthouse"	"EV148"	"Chanta  finds Jamison's pentho"		117		#9FA8DA		False	2370-09-06 09:39			2370-09-06 12:39	"3 hours"		""	""	""	"Start is after end of Chanta goes back to his old ap 42 minutes"	""		"Tony Chantara"	"Tony Chantara"	""	""	"Tony’s Inheritance
TPlus viral transmission"	"Tony’s Inheritance
TPlus viral transmission"	"Starborne One"	"Starborne One"	""	""		
"Event"	"Dunhilton reconvenes the war cabinet"	"EV104"	"Dunhilton reconvenes the war c"		118		"Pink"		False	2370-09-06 10:09			2370-09-06 10:51	"42 minutes"		""	""	""	"Start is after end of Dunhilton & Hardman review the 0 seconds
Start is after end of The Inauguration of the High E 0 seconds
Start is after end of Dunilton & Gerry review a vid  0 seconds
Start is before start of Gerry proposes using gospel mu -5 days
Start is after end of Dunhilton & Gerry inspect the  42 minutes"	""		"Gerald “Very” Hardman
Commissioner of Elvi Rights
Director of Defence
Director of Moral Observance
Director of Freedom
Director of Tourism
Director of Housing
Piotr Dunhilton"	"Gerald “Very” Hardman
Commissioner of Elvi Rights
Director of Defence
Director of Moral Observance
Director of Freedom
Director of Tourism
Director of Housing
Piotr Dunhilton"	""	""	"Dunhilton exerts Power
Gerry’s Rise
The Rise of the Elvi"	"Dunhilton exerts Power
Gerry’s Rise
The Rise of the Elvi"	""	""	""	""		
"Event"	"Alexander gets reassigned"	"EV180"	"Alexander gets reassigned"		119		#9FA8DA		False	2370-09-07 06:45			2370-09-07 07:27	"42 minutes"		""	""	""	"End is before start of VorpalTech Contingency 0 seconds
Start is after end of Holy Joint Venture 36 hours
Start is before start of Alexander returns secretly 0 seconds"	""		"Alexander Shakti
Eloise Shakti"	"Alexander Shakti
Eloise Shakti"	""	""	""	""	""	""	""	""		
"Event"	"VorpalTech Contingency"	"EV178"	"VorpalTech Contingency"		120		#9FA8DA		False	2370-09-07 07:27			2370-09-07 07:31:02	"4 minutes, 2 seconds"		""	""	""	"Start is after end of Alexander gets reassigned 0 seconds"	""		"Eloise Shakti
Heinrich"	"Eloise Shakti
Heinrich"	""	""	""	""	""	""	""	""		
"Event"	"The Chuglinghams Hold a BBQ"	"EV67"	"The Chuglinghams Hold a BBQ"		121		#ffffff		False	2370-09-13 12:00			2370-09-13 19:00	"7 hours"		""	""	""	"Start equals start of the Johnny gatecrashes the BBQ -2 hours
Start is after end of Eloise hires Chip 0 seconds
End is before start of Hayley & Kathy hook up 0 seconds
Start is after start of Holy Joint Venture 7 days, 18 hours
End is before start of Gerry proposes using gospel mu -2 days
Start is before start of Ajent sabotages Elvi juke boxe -6 days, -15 hours
End is before start of Tony invites Sarah to dinner -12 days
Start is before start of Sages seed  pentagram configur -16 days"	""		"Sarah Jacobson
Dr Kathy Logan
Hayley Lanning
Chip Stockwell
Eloise Shakti
Kleoboulos Windus
Chilo Damagetus
Solo Athena
John Stoat
Padmala Chuglingham
Bala Chuglingham
Tiki Chuglingham
Shyamala Chuglingham"	"Sarah Jacobson
Dr Kathy Logan
Hayley Lanning
Chip Stockwell
Eloise Shakti
Kleoboulos Windus
Chilo Damagetus
Solo Athena
John Stoat
Padmala Chuglingham
Bala Chuglingham
Tiki Chuglingham
Shyamala Chuglingham"	""	""	""	""	""	""	""	""		
"Event"	"the Johnny gatecrashes the BBQ with the late Chilo in tow"	"EV73"	"the Johnny gatecrashes the BBQ"		122		#9FA8DA		False	2370-09-13 14:00:00			2370-09-13 14:04:02	"4 minutes, 2 seconds"		""	""	""	"Start equals start of The Chuglinghams Hold a BBQ 2 hours
End is before start of Johnny visits Sarah -1 days"	""		""	""	""	""	"Gyges Disc Research"	"Gyges Disc Research"	""	""	""	""		
"Event"	"Hayley & Kathy hook up"	"EV251"	"Hayley & Kathy hook up"		123		#9FA8DA		False	2370-09-14 05:03			2370-09-14 05:45	"42 minutes"		""	""	""	"Start is after end of The Chuglinghams Hold a BBQ 0 seconds"	""		"Hayley Lanning
Dr Kathy Logan"	"Hayley Lanning
Dr Kathy Logan"	""	""	""	""	""	""	""	""		
"Event"	"Johnny visits Sarah"	"EV183"	"Johnny visits Sarah"		124		#9FA8DA		False	2370-09-15 01:07:02			2370-09-15 01:11:04	"4 minutes, 2 seconds"		""	""	""	"Start is after end of the Johnny gatecrashes the BBQ 1 day"	""		"John Stoat
Sarah Jacobson"	"John Stoat
Sarah Jacobson"	""	""	""	""	""	""	""	""		
"Event"	"Gerry proposes using gospel music against the Elvi"	"EV15"	"Gerry proposes using gospel mu"		125		"Pink"		False	2370-09-15 19:00			2370-09-15 19:42	"42 minutes"		""	""	""	"End is before start of Occupy Bent Street 0 seconds
Start is after start of Dunhilton reconvenes the war c 5 days
End is before start of Melbourne Cup Day 0 seconds
Start is after end of The Chuglinghams Hold a BBQ 2 days
End is before start of Ajent sabotages Elvi juke boxe -4 days"	""		"Gerald “Very” Hardman
Commissioner of Elvi Rights
Director of Moral Observance
Director of Freedom
Piotr Dunhilton"	"Gerald “Very” Hardman
Commissioner of Elvi Rights
Director of Moral Observance
Director of Freedom
Piotr Dunhilton"	""	""	"Dunhilton exerts Power
Gerry’s Rise
The Rise of the Elvi"	"Dunhilton exerts Power
Gerry’s Rise
The Rise of the Elvi"	""	""	""	""		
"Event"	"Ajent sabotages Elvi juke boxes"	"EV184"	"Ajent sabotages Elvi juke boxe"		126		#9FA8DA		False	2370-09-20 03:00			2370-09-20 03:42	"42 minutes"		""	""	""	"Start is after end of Gerry proposes using gospel mu 4 days
Start is after start of The Chuglinghams Hold a BBQ 6 days, 15 hours
Start is before start of Lonnie discovers the jukebox s -13 hours, -30 minutes"	""		"Special Agent Ajent Jones"	"Special Agent Ajent Jones"	""	""	""	""	""	""	""	""		
"Event"	"Lonnie discovers the jukebox sabotage"	"EV189"	"Lonnie discovers the jukebox s"		127		#9FA8DA		False	2370-09-20 16:30			2370-09-20 16:30	"0 seconds"		""	""	""	"Start is before start of The High Elvis kidnaps Chanta 0 seconds
Start is after start of Ajent sabotages Elvi juke boxe 13 hours, 30 minutes"	""		"Lonnie"	"Lonnie"	""	""	""	""	""	""	""	""		
"Event"	"Tony invites Sarah to dinner"	"EV187"	"Tony invites Sarah to dinner"		128		#9FA8DA		False	2370-09-25 19:00			2370-09-25 21:00	"2 hours"		""	""	""	"End is before start of Chanta watches Harem Scarum -30 minutes
Start is after end of The Chuglinghams Hold a BBQ 12 days
End is before start of Kathy Gives Sarah a Medical -3 days
Start is before start of The High Elvis kidnaps Chanta -3 weeks
End is before start of Johnny enlists Chanta to acqui 0 seconds"	""		"Sarah Jacobson
Tony Chantara"	"Sarah Jacobson
Tony Chantara"	""	""	""	""	"Starborne One"	"Starborne One"	""	""		
"Event"	"Chanta watches Harem Scarum"	"EV239"	"Chanta watches Harem Scarum"		129		#9FA8DA		False	2370-09-25 21:30			2370-09-25 23:30	"2 hours"		""	""	""	"Start is after end of Tony invites Sarah to dinner 30 minutes
End is before start of Chanta searches for the Harum  0 seconds"	""		"Tony Chantara"	"Tony Chantara"	""	""	""	""	""	""	""	""		
"Event"	"Chanta searches for the Harum Scarum clone series"	"EV254"	"Chanta searches for the Harum "		130		#9FA8DA		False	2370-09-25 23:30			2370-09-26 01:30	"2 hours"		""	""	""	"Start is after end of Chanta watches Harem Scarum 0 seconds
End is before start of Chanta activates the Ajent Jon 0 seconds"	""		"Tony Chantara
Fisher"	"Tony Chantara
Fisher"	""	""	""	""	"Starborne One"	"Starborne One"	""	""		
"Event"	"Pastor Rex Humble converts the Memphis Mafia"	"EV258"	"Pastor Rex Humble converts the"		131		#9FA8DA		False	2370-09-27 19:00			2370-09-27 19:00	"0 seconds"		""	""	""	"Start is before start of The High Elvis kidnaps Chanta -2 weeks, -5 days"	""		""	""	""	""	""	""	""	""	""	""		
"Event"	"Kathy Gives Sarah a Medical"	"EV256"	"Kathy Gives Sarah a Medical"		132		#9FA8DA		False	2370-09-28 21:00			2370-09-28 21:00	"0 seconds"		""	""	""	"Start is after end of Tony invites Sarah to dinner 3 days"	""		"Dr Kathy Logan
Sarah Jacobson"	"Dr Kathy Logan
Sarah Jacobson"	""	""	""	""	"Sublime Point"	"Sublime Point"	""	""		
"Event"	"Sages seed  pentagram configuration"	"EV210"	"Sages seed  pentagram configur"		133		#9FA8DA		False	2370-09-29 12:00			2370-09-29 12:42	"42 minutes"		""	""	""	"End is before start of Chip escalates issues with Sar -1 days
Start is after start of The Chuglinghams Hold a BBQ 16 days
End is before start of Johnny enlists Chanta to acqui -4 days"	""		"John Stoat
Chip Stockwell
Kleoboulos Windus
Chilo Damagetus
Solo Athena"	"John Stoat
Chip Stockwell
Kleoboulos Windus
Chilo Damagetus
Solo Athena"	""	""	"Gyges Disc Research"	"Gyges Disc Research"	""	""	""	""		
"Event"	"Chip escalates issues with Sarah & Hayley"	"EV252"	"Chip escalates issues with Sar"		134		#9FA8DA		False	2370-09-30 12:42			2370-09-30 13:24	"42 minutes"		""	""	""	"Start is after end of Sages seed  pentagram configur 1 day
Start is before start of Three sisters discuss watching -20 hours"	""		"Chip Stockwell
Hayley Lanning
Sarah Jacobson"	"Chip Stockwell
Hayley Lanning
Sarah Jacobson"	""	""	"Gyges Disc Research"	"Gyges Disc Research"	""	""	""	""		
"Event"	"the High Elvis calls a meeting"	"EV255"	"the High Elvis calls a meeting"		135		#9FA8DA		False	2370-10-01 08:42			2370-10-01 09:24	"42 minutes"		""	""	""	"Start is after end of Three sisters discuss watching 0 seconds
End is before start of The intervention of a Gospel E -2 days"	""		"Hayley Lanning
Dr Kathy Logan
Sarah Jacobson
The High Elvis
Kleoboulos Windus
Solo Athena
Chilo Damagetus"	"Hayley Lanning
Dr Kathy Logan
Sarah Jacobson
The High Elvis
Kleoboulos Windus
Solo Athena
Chilo Damagetus"	""	""	""	""	"Elvi Parliament"	"Elvi Parliament"	""	""		
"Event"	"Three sisters discuss watching Eloise"	"EV253"	"Three sisters discuss watching"		136		#9FA8DA		False	2370-10-01 08:42			2370-10-01 08:42	"0 seconds"		""	""	""	"Start is after start of Chip escalates issues with Sar 20 hours
End is before start of the High Elvis calls a meeting 0 seconds
End is before start of Hayley investigates the Rother -1 days"	""		"Hayley Lanning
Sarah Jacobson
Dr Kathy Logan"	"Hayley Lanning
Sarah Jacobson
Dr Kathy Logan"	""	""	"Gyges Disc Research"	"Gyges Disc Research"	"Sublime Point"	"Sublime Point"	""	""		
"Event"	"Hayley investigates the Rotherhithe Stasis Collapse"	"EV271"	"Hayley investigates the Rother"		137		#9FA8DA		False	2370-10-02 08:42			2370-10-02 09:24	"42 minutes"		""	""	""	"End is before start of Hayley finds Eloise's old Frid 0 seconds
Start is after end of Three sisters discuss watching 1 day"	""		"Hayley Lanning
Sarah Jacobson"	"Hayley Lanning
Sarah Jacobson"	""	""	""	""	"Sublime Point"	"Sublime Point"	""	""		
"Event"	"The intervention of a Gospel Elvis - Dr John Carpenter"	"EV257"	"The intervention of a Gospel E"		138		#9FA8DA		False	2370-10-03 09:24			2370-10-03 10:06	"42 minutes"		""	""	""	"Start is after end of the High Elvis calls a meeting 2 days"	""		"Hayley Lanning
Dr Kathy Logan
Sarah Jacobson
The High Elvis
Kleoboulos Windus
Solo Athena
Chilo Damagetus"	"Hayley Lanning
Dr Kathy Logan
Sarah Jacobson
The High Elvis
Kleoboulos Windus
Solo Athena
Chilo Damagetus"	""	""	""	""	"Elvi Parliament"	"Elvi Parliament"	""	""		
"Event"	"The High Elvis kidnaps Chanta"	"EV188"	"The High Elvis kidnaps Chanta"		139		"Pink"		False	2370-10-16 19:00:00			2370-10-16 19:00:00	"0 seconds"		""	""	""	"Start is after start of Lonnie discovers the jukebox s 0 seconds
Start is after start of Tony invites Sarah to dinner 3 weeks
Start is after start of Pastor Rex Humble converts the 2 weeks, 5 days
End is before start of The High Elvis takes Chanta to -42 minutes"	""		"The High Elvis
Tony Chantara"	"The High Elvis
Tony Chantara"	""	""	""	""	"Starborne One"	"Starborne One"	""	""		
"Event"	"The High Elvis takes Chanta to church"	"EV259"	"The High Elvis takes Chanta to"		140		#9FA8DA		False	2370-10-16 19:42			2370-10-16 20:24	"42 minutes"		""	""	""	"Start is after end of The High Elvis kidnaps Chanta 42 minutes"	""		"The High Elvis
Tony Chantara
Pastor Rex Humble"	"The High Elvis
Tony Chantara
Pastor Rex Humble"	""	""	""	""	"Memphis Mafia Bar"	"Memphis Mafia Bar"	""	""		
"Event"	"The High Elvis and Chanta plan a festival"	"EV260"	"The High Elvis and Chanta plan"		141		#9FA8DA		False	2370-10-16 19:42			2370-10-16 19:42	"0 seconds"		""	""	""	"End is before start of Chanta drinks with his old fri 0 seconds"	""		"The High Elvis
Tony Chantara"	"The High Elvis
Tony Chantara"	""	""	""	""	"Starborne One"	"Starborne One"	""	""		
"Event"	"Chanta drinks with his old friends"	"EV261"	"Chanta drinks with his old fri"		142		#9FA8DA		False	2370-10-16 19:42			2370-10-16 19:42	"0 seconds"		""	""	""	"Start is after end of The High Elvis and Chanta plan 0 seconds
Start is before start of Rock Against Revival 0 seconds"	""		"Tony Chantara
Abe
Major
Peggy
Nelly
Rusty"	"Tony Chantara
Abe
Major
Peggy
Nelly
Rusty"	""	""	""	""	"Stickett Inn"	"Stickett Inn"	""	""		
"Event"	"Melbourne Cup Day"	"EV228"	"Melbourne Cup Day"		143		#ffffff		False	2370-11-03			2370-11-03	"0 seconds"		""	""	""	"Start is after end of Gerry proposes using gospel mu 0 seconds"	""		""	""	""	""	""	""	""	""	""	""		
"Event"	"Rock Against Revival"	"EV192"	"Rock Against Revival"		144		#ffffff		False	2370-11-07			2370-11-07	"0 seconds"		""	""	""	"End is before start of Occupy Bent Street -1 days
Start is after start of Chanta drinks with his old fri 0 seconds"	""		"Tony Chantara
Hayley Lanning
Sarah Jacobson
Kleoboulos Windus
Chilo Damagetus
Solo Athena
Dr Kathy Logan
Eloise Shakti
The High Elvis
Valerie
Marguerita
Peggy
Nelly
Rusty
Walter"	"Tony Chantara
Hayley Lanning
Sarah Jacobson
Kleoboulos Windus
Chilo Damagetus
Solo Athena
Dr Kathy Logan
Eloise Shakti
The High Elvis
Valerie
Marguerita
Peggy
Nelly
Rusty
Walter"	""	""	""	""	""	""	""	""		
"Event"	"Occupy Bent Street"	"EV193"	"Occupy Bent Street"		145		#ffffff		False	2370-11-08			2370-11-10	"3 days"		""	""	""	"End is before start of Operation Cleanse 0 seconds
Start is after end of Gerry proposes using gospel mu 0 seconds
Start is after end of Rock Against Revival 1 day
Start is after end of Gerry acquires the TMinusVirus 0 seconds
Start is before start of Dunhilton speaks out against G -1 days
End is before start of The Inauguration of the new Hi -8 days, -16 hours"	""		"Tony Chantara
The High Elvis
Marguerita
Valerie
Peggy
Nelly
Rusty
Maile
Walter"	"Tony Chantara
The High Elvis
Marguerita
Valerie
Peggy
Nelly
Rusty
Maile
Walter"	""	""	""	""	""	""	""	""		
"Event"	"Dunhilton speaks out against Get Bent"	"EV262"	"Dunhilton speaks out against G"		146		#9FA8DA		False	2370-11-09			2370-11-09 00:04:02	"4 minutes, 2 seconds"		""	""	""	"Start is after start of Occupy Bent Street 1 day
Start is before start of Operation Cleanse -2 days"	""		"Piotr Dunhilton"	"Piotr Dunhilton"	""	""	""	""	""	""	""	""		
"Event"	"Operation Cleanse"	"EV194"	"Operation Cleanse"		147		#9FA8DA		False	2370-11-11			2370-11-11	"1 day"		""	""	""	"Start is after end of Occupy Bent Street 0 seconds
Start is after start of Dunhilton speaks out against G 2 days
End is before start of Kathy Investigates the cause o 0 seconds"	""		"Piotr Dunhilton
Gerald “Very” Hardman"	"Piotr Dunhilton
Gerald “Very” Hardman"	""	""	""	""	""	""	""	""		
"Event"	"Kathy Investigates the cause of deaths"	"EV263"	"Kathy Investigates the cause o"		148		#9FA8DA		False	2370-11-12			2370-11-13	"2 days"		""	""	""	"Start is after end of Operation Cleanse 0 seconds
End is before end of The Inauguration of the new Hi 0 seconds"	""		"Dr Kathy Logan"	"Dr Kathy Logan"	""	""	""	""	""	""	""	""		
"Event"	"The Inauguration of the new High Elvis"	"EV264"	"The Inauguration of the new Hi"		149		#ffffff		False	2370-11-19 16:00			2370-11-19 22:00	"6 hours"		""	""	""	"End is before start of Chanta orders, ""Go forth and H 0 seconds
Start is after end of Occupy Bent Street 8 days, 16 hours
End is after end of Kathy Investigates the cause o 0 seconds
End is before start of Gerry presents a viral update -10 hours, -30 minutes"	""		"Hayley Lanning
Sarah Jacobson
Tony Chantara
Dr Kathy Logan
The High Elvis
Marguerita
Valerie
Peggy
Nelly
Rusty
Maile
Walter"	"Hayley Lanning
Sarah Jacobson
Tony Chantara
Dr Kathy Logan
The High Elvis
Marguerita
Valerie
Peggy
Nelly
Rusty
Maile
Walter"	""	""	""	""	"Elvi Parliament"	"Elvi Parliament"	""	""		
"Event"	"Chanta orders, ""Go forth and Hump"""	"EV196"	"Chanta orders, ""Go forth and H"		150		#9FA8DA		False	2370-11-19 22:00			2370-11-19 22:04:02	"4 minutes, 2 seconds"		""	""	""	"Start is after end of The Inauguration of the new Hi 0 seconds
End is before start of The Humpenings 0 seconds"	""		"Tony Chantara"	"Tony Chantara"	""	""	"TPlus viral transmission"	"TPlus viral transmission"	""	""	""	""		
"Event"	"The Humpenings"	"EV265"	"The Humpenings"		151		#9FA8DA		False	2370-11-19 22:04:02			2370-11-26 22:04:02	"1 week"		""	""	""	"Start is after end of Chanta orders, ""Go forth and H 0 seconds
End is after end of Pastor Rex dies 0 seconds
Start is before start of Pastor Rex dies -2 days
Start is before start of The Humpological Census -5 days
End is before start of Johnny enlists Chanta to acqui 0 seconds"	""		"Tony Chantara
Dr Kathy Logan
Fisher"	"Tony Chantara
Dr Kathy Logan
Fisher"	""	""	""	""	""	""	""	""		
"Event"	"Gerry presents a viral update"	"EV269"	"Gerry presents a viral update"		152		#9FA8DA		False	2370-11-20 08:30			2370-11-20 08:30	"0 seconds"		""	""	""	"Start is after end of The Inauguration of the new Hi 10 hours, 30 minutes"	""		"Gerald “Very” Hardman
Piotr Dunhilton"	"Gerald “Very” Hardman
Piotr Dunhilton"	""	""	""	""	""	""	""	""		
"Event"	"Pastor Rex dies"	"EV266"	"Pastor Rex dies"		153		#9FA8DA		False	2370-11-21 22:04:02			2370-11-21 22:04:02	"0 seconds"		""	""	""	"End is before end of The Humpenings 0 seconds
Start is after start of The Humpenings 2 days"	""		"Pastor Rex Humble"	"Pastor Rex Humble"	""	""	""	""	""	""	""	""		
"Event"	"The Humpological Census"	"EV267"	"The Humpological Census"		154		#9FA8DA		False	2370-11-24 22:04:02			2370-11-25 22:04:02	"1 day"		""	""	""	"Start is after start of The Humpenings 5 days
End is before start of Kathy disovers transmission pa -1 days
End is before start of Hayley finds Eloise's old Frid 0 seconds"	""		"Hayley Lanning"	"Hayley Lanning"	""	""	""	""	""	""	""	""		
"Event"	"Hayley finds Eloise's old Fridge Force project"	"EV205"	"Hayley finds Eloise's old Frid"		155		#9FA8DA		False	2370-11-25 22:04:02			2370-11-25 22:46:02	"42 minutes"		""	""	""	"Start is after end of The Humpological Census 0 seconds
End is before start of Hayley reports to Sarah regard -1 days
Start is after end of Hayley investigates the Rother 0 seconds"	""		"Hayley Lanning"	"Hayley Lanning"	""	""	""	""	""	""	""	""		
"Event"	"Johnny enlists Chanta to acquire more Gyges Discs"	"EV212"	"Johnny enlists Chanta to acqui"		156		#9FA8DA		False	2370-11-26 22:04:02			2370-11-26 22:08:04	"4 minutes, 2 seconds"		""	""	""	"Start is after end of Sages seed  pentagram configur 4 days
Start is after end of The Humpenings 0 seconds
Start is after end of Tony invites Sarah to dinner 0 seconds
End is before start of The High Elvis executes the he -2 days"	""		"John Stoat
Tony Chantara"	"John Stoat
Tony Chantara"	""	""	"Gyges Disc Research"	"Gyges Disc Research"	""	""	""	""		
"Event"	"Kathy disovers transmission paths"	"EV268"	"Kathy disovers transmission pa"		157		#9FA8DA		False	2370-11-26 22:04:02			2370-11-26 22:04:02	"0 seconds"		""	""	""	"Start is after end of The Humpological Census 1 day"	""		"Dr Kathy Logan"	"Dr Kathy Logan"	""	""	""	""	""	""	""	""		
"Event"	"Hayley reports to Sarah regarding Eloise's historical projects"	"EV270"	"Hayley reports to Sarah regard"		158		#9FA8DA		False	2370-11-26 22:46:02			2370-11-26 23:28:02	"42 minutes"		""	""	""	"Start is after end of Hayley finds Eloise's old Frid 1 day"	""		"Hayley Lanning
Sarah Jacobson"	"Hayley Lanning
Sarah Jacobson"	""	""	"Gyges Disc Research"	"Gyges Disc Research"	""	""	""	""		
"Event"	"The High Elvis executes the heist"	"EV213"	"The High Elvis executes the he"		159		#9FA8DA		False	2370-11-28 22:08:04			2370-11-29 02:08:04	"4 hours"		""	""	""	"End is before start of Johhny reveals the first opera 0 seconds
Start is after end of Johnny enlists Chanta to acqui 2 days
End is before start of Fridge Force detects the heist -42 minutes
End is before start of Johnny collects his discs from -8 hours"	""		"Tony Chantara
Steve Grayson
Tulsa McLean"	"Tony Chantara
Steve Grayson
Tulsa McLean"	""	""	"Gyges Disc Research"	"Gyges Disc Research"	""	""	""	""		
"Event"	"Johnny collects his discs from the Elvi"	"EV296"	"Johnny collects his discs from"		160		#9FA8DA		False	2370-11-29 10:08:04			2370-11-29 10:08:04	"0 seconds"		""	""	""	"Start is after end of The High Elvis executes the he 8 hours
Start is before start of Johnny smuggles Chanta into Su -1 weeks, -5 hours"	""		"John Stoat
The High Elvis"	"John Stoat
The High Elvis"	""	""	""	""	""	""	""	""		
"Event"	"Fridge Force detects the heist"	"EV277"	"Fridge Force detects the heist"		161		#9FA8DA		False	2370-11-30 02:08:04			2370-11-30 06:08:04	"4 hours"		""	""	""	"End is before start of Johhny reveals the first opera 0 seconds
Start is after end of The High Elvis executes the he 42 minutes"	""		"Tony Chantara
Steve Grayson
Tulsa McLean"	"Tony Chantara
Steve Grayson
Tulsa McLean"	""	""	"Gyges Disc Research"	"Gyges Disc Research"	""	""	""	""		
"Event"	"Johhny reveals the first operational elliptical-rail apparatus"	"EV272"	"Johhny reveals the first opera"		162		#9FA8DA		False	2370-11-30 06:08:04			2370-11-30 06:08:04	"0 seconds"		""	""	""	"Start is after end of The High Elvis executes the he 0 seconds
Start is after end of Fridge Force detects the heist 0 seconds
Start is before start of Testing the elliptical-rail ap -2 weeks"	""		"John Stoat
Chip Stockwell
Sarah Jacobson
Kleoboulos Windus
Chilo Damagetus
Solo Athena
Dr Quark"	"John Stoat
Chip Stockwell
Sarah Jacobson
Kleoboulos Windus
Chilo Damagetus
Solo Athena
Dr Quark"	""	""	""	""	""	""	""	""		
"Event"	"Alexander returns secretly"	"EV220"	"Alexander returns secretly"		163		#9FA8DA		False	2370-12-03 12:00			2370-12-03 12:00	"0 seconds"		""	""	""	"Start is after start of Alexander gets reassigned 0 seconds
Start is before start of Alexander surveils the Sages -15 days"	""		"Alexander Shakti"	"Alexander Shakti"	""	""	""	""	""	""	""	""		
"Event"	"Johnny smuggles Chanta into Sublime Point"	"EV297"	"Johnny smuggles Chanta into Su"		164		#9FA8DA		False	2370-12-06 15:08:04			2370-12-06 15:08:04	"0 seconds"		""	""	""	"Start is after start of Johnny collects his discs from 1 week, 5 hours
End is before start of Chanta activates the Ajent Jon -3 days"	""		"Hayley Lanning
Sarah Jacobson
Tony Chantara
John Stoat
Dr Kathy Logan"	"Hayley Lanning
Sarah Jacobson
Tony Chantara
John Stoat
Dr Kathy Logan"	""	""	""	""	""	""	""	""		
"Event"	"Chanta activates the Ajent Jones clones"	"EV278"	"Chanta activates the Ajent Jon"		165		#9FA8DA		False	2370-12-09 20:08:04			2370-12-14 20:08:04	"5 days"		""	""	""	"Start is after end of Johnny smuggles Chanta into Su 3 days
Start is after end of Chanta searches for the Harum  0 seconds
End is before start of Moe Bogan podcast influences t -3 days"	""		""	""	""	""	""	""	""	""	""	""		
"Event"	"Testing the elliptical-rail apparatus"	"EV285"	"Testing the elliptical-rail ap"		166		#9FA8DA		False	2370-12-14 06:34:02			2370-12-14 07:16:02	"42 minutes"		""	""	""	"Start is after start of Johhny reveals the first opera 2 weeks
End is before start of Five discs revealed on the rai -7 days"	""		"John Stoat
Chip Stockwell
Sarah Jacobson
Kleoboulos Windus
Chilo Damagetus
Solo Athena
Dr Quark"	"John Stoat
Chip Stockwell
Sarah Jacobson
Kleoboulos Windus
Chilo Damagetus
Solo Athena
Dr Quark"	""	""	""	""	""	""	""	""		
"Event"	"Moe Bogan podcast influences the Jones clones"	"EV300"	"Moe Bogan podcast influences t"		167		#9FA8DA		False	2370-12-18			2370-12-23	"6 days"		""	""	""	"Start is after end of Chanta activates the Ajent Jon 3 days
End is before start of Chanta and the Ajent Jones Clo 0 seconds"	""		"Special Agent Ajent Jones"	"Special Agent Ajent Jones"	""	""	""	""	""	""	""	""		
"Event"	"Five discs revealed on the rail"	"EV236"	"Five discs revealed on the rai"		168		#9FA8DA		False	2370-12-21 07:16:02			2370-12-21 07:20:04	"4 minutes, 2 seconds"		""	""	""	"End is before start of Missing Socks 0 seconds
Start is after end of Testing the elliptical-rail ap 7 days"	""		"Chip Stockwell
John Stoat
Dr Quark
Chilo Damagetus
Kleoboulos Windus
Solo Athena"	"Chip Stockwell
John Stoat
Dr Quark
Chilo Damagetus
Kleoboulos Windus
Solo Athena"	""	""	""	""	""	""	""	""		
"Event"	"Missing Socks"	"EV275"	"Missing Socks"		169		#9FA8DA		False	2370-12-21 07:20:04			2370-12-21 07:24:06	"4 minutes, 2 seconds"		""	""	""	"Start is after end of Five discs revealed on the rai 0 seconds
End is before start of The Gibson Desert meeting -1 days
End is before start of Sarah tries to get Johnny fire -1 days"	""		"Chip Stockwell
John Stoat
Dr Quark
Chilo Damagetus
Kleoboulos Windus
Solo Athena"	"Chip Stockwell
John Stoat
Dr Quark
Chilo Damagetus
Kleoboulos Windus
Solo Athena"	""	""	""	""	""	""	""	""		
"Event"	"The Gibson Desert meeting"	"EV273"	"The Gibson Desert meeting"		170		#9FA8DA		False	2370-12-22 08:20:04			2370-12-22 08:24:06	"4 minutes, 2 seconds"		""	""	""	"End is before start of Birth of the Dawkins -36 hours
End is before start of Eloise argues for another test -42 minutes
Start is after end of Missing Socks 1 day
End is before start of Sarah tries to get Johnny fire -7 hours"	""		"Sarah Jacobson
Chip Stockwell
John Stoat
Dr Quark
Kleoboulos Windus
Chilo Damagetus
Solo Athena"	"Sarah Jacobson
Chip Stockwell
John Stoat
Dr Quark
Kleoboulos Windus
Chilo Damagetus
Solo Athena"	""	""	""	""	""	""	""	""		
"Event"	"Sarah tries to get Johnny fired"	"EV301"	"Sarah tries to get Johnny fire"		171		#9FA8DA		False	2370-12-22 15:24:06			2370-12-22 16:24:06	"1 hour"		""	""	""	"End is before start of Eloise argues for another test -42 minutes
Start is after end of Missing Socks 1 day
Start is after end of The Gibson Desert meeting 7 hours"	""		"Sarah Jacobson
Eloise Shakti"	"Sarah Jacobson
Eloise Shakti"	""	""	""	""	""	""	""	""		
"Event"	"Eloise argues for another test"	"EV274"	"Eloise argues for another test"		172		#9FA8DA		False	2370-12-22 17:06:06			2370-12-22 17:10:08	"4 minutes, 2 seconds"		""	""	""	"Start is after end of The Gibson Desert meeting 42 minutes
End is before start of Johnny escalates the testing -2 days
Start is after end of Sarah tries to get Johnny fire 42 minutes"	""		"Eloise Shakti
Chip Stockwell
John Stoat
Dr Quark"	"Eloise Shakti
Chip Stockwell
John Stoat
Dr Quark"	""	""	""	""	""	""	""	""		
"Event"	"Alexander surveils the Sages"	"EV289"	"Alexander surveils the Sages"		173		#9FA8DA		False	2370-12-22 19:28:08			2370-12-22 22:28:08	"3 hours"		""	""	""	"End is before start of Alexander and Candid Criminal  0 seconds
Start is before start of Wrestlemania - The Sages' Nigh -42 minutes
Start is after start of Alexander returns secretly 15 days
End is before end of Wrestlemania - The Sages' Nigh -2 hours"	""		"Alexander Shakti
Solo Athena
Chilo Damagetus
Kleoboulos Windus"	"Alexander Shakti
Solo Athena
Chilo Damagetus
Kleoboulos Windus"	""	""	""	""	""	""	""	""		
"Event"	"Wrestlemania - The Sages' Night Out"	"EV290"	"Wrestlemania - The Sages' Nigh"		174		#9FA8DA		False	2370-12-22 20:10:08			2370-12-23 02:10:08	"6 hours"		""	""	""	"End is before start of Alexander and Candid Criminal  0 seconds
Start is after start of Alexander surveils the Sages 42 minutes
End is after end of Alexander surveils the Sages 2 hours"	""		"Solo Athena
Chilo Damagetus
Kleoboulos Windus"	"Solo Athena
Chilo Damagetus
Kleoboulos Windus"	""	""	""	""	""	""	""	""		
"Event"	"23rd December"	"EV243"	"23rd December"		175		#ffffff		False	2370-12-23			2370-12-23	"1 day"		""	""	""	"End is before end of Ascension Day -1 days
Start is before start of Christmas Special Candid Crimi -18 hours
End is before start of Nautical twilight -4 hours, -39 minutes
End is before start of Civil twilight -5 hours, -15 minutes
Start is before start of Vigil for the Holy Momma forms -16 hours"	""		""	""	""	""	""	""	""	""	""	""		
"Event"	"UDF begins containment of Sublime Point"	"EV218"	"UDF begins containment of Subl"		176		"Orange"		False	2370-12-23 03:57			2370-12-23 06:57	"3 hours"		""	""	""	"Start is before start of Alexander and Candid Criminal  -1 days
End is before start of Nautical twilight 0 seconds
End is before start of UDF settles positioning and ch 0 seconds"	""		""	""	""	""	""	""	""	""	""	""		
"Event"	"UDF settles positioning and checkpoints"	"EV291"	"UDF settles positioning and ch"		177		"Orange"		False	2370-12-23 06:57			2370-12-23 12:57	"6 hours"		""	""	""	"Start is before start of Chanta and the Ajent Jones Clo 0 seconds
End is before start of Nautical twilight 0 seconds
Start is after end of UDF begins containment of Subl 0 seconds"	""		""	""	""	""	""	""	""	""	""	""		
"Event"	"Vigil for the Holy Momma forms"	"EV292"	"Vigil for the Holy Momma forms"		178		"Orange"		False	2370-12-23 16:00			2370-12-24 10:00	"18 hours"		""	""	""	"Start is after start of 23rd December 16 hours
End is before start of Elvi vigil reaches criticial m 0 seconds
End is after start of UDF hover-copt crashes 2 hours"	""		""	""	""	""	""	""	""	""	""	""		
"Event"	"Ascension Eve"	"EV282"	"Ascension Eve"		179		#ffffff		False	2370-12-24			2370-12-24	"1 day"		""	""	""	""	""		""	""	""	""	""	""	""	""	""	""		
"Event"	"Nautical twilight"	"EV283"	"Nautical twilight"		180		"Fuschia"		False	2370-12-24 04:39			2370-12-24 21:13	"16 hours, 34 minutes"		""	""	""	"Start is after end of 23rd December 4 hours, 39 minutes
Start is after end of UDF begins containment of Subl 0 seconds
Start is after end of UDF settles positioning and ch 0 seconds"	""		""	""	""	""	""	""	""	""	""	""		
"Event"	"Civil twilight"	"EV284"	"Civil twilight"		181		"Fuschia"		False	2370-12-24 05:15			2370-12-24 20:36	"15 hours, 21 minutes"		""	""	""	"Start is after end of 23rd December 5 hours, 15 minutes"	""		""	""	""	""	""	""	""	""	""	""		
"Event"	"UDF hover-copt crashes"	"EV293"	"UDF hover-copt crashes"		182		"Orange"		False	2370-12-24 08:00			2370-12-24 08:00:42	"42 seconds"		""	""	""	"Start is before end of Vigil for the Holy Momma forms -2 hours"	""		""	""	""	""	""	""	""	""	""	""		
"Event"	"Elvi vigil reaches criticial mass"	"EV237"	"Elvi vigil reaches criticial m"		183		"Orange"		False	2370-12-24 10:00			2370-12-24 14:30	"4 hours, 30 minutes"		""	""	""	"Start is after end of Vigil for the Holy Momma forms 0 seconds"	""		""	""	""	""	""	""	""	""	""	""		
"Event"	"Alexander and Candid Criminal convoy enter Sublime Point"	"EV279"	"Alexander and Candid Criminal "		184		"Orange"		False	2370-12-24 12:00			2370-12-24 12:04:02	"4 minutes, 2 seconds"		""	""	""	"Start is after start of UDF begins containment of Subl 1 day
End is before end of Chanta and the Ajent Jones Clo 0 seconds
Start is before start of Christmas Special Candid Crimi -6 hours
End is before start of Candid Criminal crew rigs Subl 0 seconds
Start is after end of Alexander surveils the Sages 0 seconds
Start is after end of Wrestlemania - The Sages' Nigh 0 seconds"	""		""	""	""	""	""	""	""	""	""	""		
"Event"	"Candid Criminal crew rigs Sublime Point auditorium"	"EV286"	"Candid Criminal crew rigs Subl"		185		"Orange"		False	2370-12-24 12:04:02			2370-12-24 17:04:02	"5 hours"		""	""	""	"End is before start of Christmas Special Candid Crimi -45 minutes
Start is after end of Alexander and Candid Criminal  0 seconds"	""		""	""	""	""	""	""	""	""	""	""		
"Event"	"Alexander waylays Eloise for Candid Criminal"	"EV287"	"Alexander waylays Eloise for C"		186		"Orange"		False	2370-12-24 16:40:58			2370-12-24 16:45:00	"4 minutes, 2 seconds"		""	""	""	"End is before start of Christmas Special Candid Crimi -75 minutes"	""		"Alexander Shakti
Eloise Shakti"	"Alexander Shakti
Eloise Shakti"	""	""	""	""	""	""	""	""		
"Event"	"Johnny escalates the testing"	"EV276"	"Johnny escalates the testing"		187		"Orange"		False	2370-12-24 17:10:08			2370-12-24 17:14:10	"4 minutes, 2 seconds"		""	""	""	"End is before start of The Johnny vs Chip 0 seconds
Start is after end of Eloise argues for another test 2 days"	""		"Eloise Shakti
John Stoat
Solo Athena
Chilo Damagetus
Kleoboulos Windus"	"Eloise Shakti
John Stoat
Solo Athena
Chilo Damagetus
Kleoboulos Windus"	""	""	""	""	""	""	""	""		
"Event"	"Christmas Special Candid Criminal"	"EV208"	"Christmas Special Candid Crimi"		188		#ffffff		False	2370-12-24 18:00			2370-12-24 19:00	"1 hour"		""	""	""	"End is before start of Chanta vs Alexander 0 seconds
Start is after start of 23rd December 18 hours
Start is after start of Alexander and Candid Criminal  6 hours
Start is after end of Candid Criminal crew rigs Subl 45 minutes
Start is after end of Alexander waylays Eloise for C 75 minutes
Start is before start of Gerry steals in to Sublime Poi -42 minutes"	""		"Bala Chuglingham
Eloise Shakti
Alexander Shakti"	"Bala Chuglingham
Eloise Shakti
Alexander Shakti"	""	""	""	""	"Sublime Point"	"Sublime Point"	""	""		
"Event"	"Gerry steals in to Sublime Point"	"EV280"	"Gerry steals in to Sublime Poi"		189		"Orange"		False	2370-12-24 18:42			2370-12-24 18:46:02	"4 minutes, 2 seconds"		""	""	""	"Start is after start of Christmas Special Candid Crimi 42 minutes"	""		""	""	""	""	""	""	""	""	""	""		
"Event"	"Ascension Day"	"EV241"	"Ascension Day"		190		#ffffff		False	2370-12-25			2370-12-25	"1 day"		""	""	""	"End is after end of 23rd December 1 day
Start is before start of Birth of the Dawkins -5 hours, -42 minutes
Start is before start of Friction between UDF and Elvi  -2 hours"	""		""	""	""	""	""	""	""	""	""	""		
"Event"	"Friction between UDF and Elvi escalates"	"EV217"	"Friction between UDF and Elvi "		191		"Orange"		False	2370-12-25 02:00			2370-12-25 04:42	"2 hours, 42 minutes"		""	""	""	"Start is after start of Ascension Day 2 hours"	""		""	""	""	""	""	""	""	""	""	""		
"Event"	"Chanta and the Ajent Jones Clones arrive at Sublime Point"	"EV223"	"Chanta and the Ajent Jones Clo"		192		"Orange"		False	2370-12-25 04:22:02			2370-12-25 04:22:02	"0 seconds"		""	""	""	"End is before start of Ajent vs Jihad Man 0 seconds
End is after end of Alexander and Candid Criminal  0 seconds
End is before start of Halo vs Hayley & Kathy 0 seconds
Start is after start of UDF settles positioning and ch 0 seconds
End is before start of Gerry vs Chanta and the Jones  0 seconds
Start is after end of Moe Bogan podcast influences t 0 seconds"	""		""	""	""	""	""	""	""	""	""	""		
"Event"	"Halo vs Hayley & Kathy"	"EV221"	"Halo vs Hayley & Kathy"		193		"Orange"		False	2370-12-25 04:34			2370-12-25 04:38:02	"4 minutes, 2 seconds"		""	""	""	"Start is after end of Chanta and the Ajent Jones Clo 0 seconds
End is before start of Chanta vs Alexander -21 minutes"	""		""	""	""	""	""	""	""	""	""	""		
"Event"	"Chilo gets Chip out of the control room"	"EV299"	"Chilo gets Chip out of the con"		194		"Orange"		False	2370-12-25 04:52			2370-12-25 04:52	"0 seconds"		""	""	""	"End is before start of Birth of the Dawkins -50 minutes"	""		"Chip Stockwell
Chilo Damagetus
John Stoat"	"Chip Stockwell
Chilo Damagetus
John Stoat"	""	""	""	""	""	""	""	""		
"Event"	"Ajent vs Jihad Man"	"EV222"	"Ajent vs Jihad Man"		195		"Orange"		False	2370-12-25 04:55:58			2370-12-25 05:00:00	"4 minutes, 2 seconds"		""	""	""	"Start is after end of Chanta and the Ajent Jones Clo 0 seconds
End is before start of Gerry vs Chanta and the Jones  0 seconds"	""		""	""	""	""	""	""	""	""	""	""		
"Event"	"Gerry vs Chanta and the Jones Clones"	"EV298"	"Gerry vs Chanta and the Jones "		196		"Orange"		False	2370-12-25 05:00:00			2370-12-25 05:42:00	"42 minutes"		""	""	""	"Start is after end of Chanta and the Ajent Jones Clo 0 seconds
End equals end of Chanta vs Alexander 0 seconds
Start is after end of Ajent vs Jihad Man 0 seconds"	""		""	""	""	""	""	""	""	""	""	""		
"Event"	"Fridge Force drones attack"	"EV281"	"Fridge Force drones attack"		197		"Orange"		False	2370-12-25 05:15:56			2370-12-25 05:24:00	"8 minutes, 4 seconds"		""	""	""	"End equals start of Birth of the Dawkins -18 minutes
End equals start of Elvi play the Sublime Point ga -60 seconds"	""		""	""	""	""	""	""	""	""	""	""		
"Event"	"Elvi play the Sublime Point gates open"	"EV294"	"Elvi play the Sublime Point ga"		198		"Orange"		False	2370-12-25 05:25			2370-12-25 05:28	"3 minutes"		""	""	""	"End equals start of MoSES drones  inflitrate Subli 0 seconds
Start equals end of Fridge Force drones attack 60 seconds"	""		""	""	""	""	""	""	""	""	""	""		
"Event"	"MoSES drones  inflitrate Sublime Point"	"EV295"	"MoSES drones  inflitrate Subli"		199		"Orange"		False	2370-12-25 05:28			2370-12-25 05:42	"14 minutes"		""	""	""	"Start equals end of Elvi play the Sublime Point ga 0 seconds
End equals start of Birth of the Dawkins 0 seconds"	""		""	""	""	""	""	""	""	""	""	""		
"Event"	"Chanta vs Alexander"	"EV209"	"Chanta vs Alexander"		200		"Orange"		False	2370-12-25 05:37:00			2370-12-25 05:42:00	"5 minutes"		""	""	""	"End equals start of Birth of the Dawkins 0 seconds
Start is after end of Christmas Special Candid Crimi 0 seconds
Start is after end of Halo vs Hayley & Kathy 21 minutes
End equals end of Gerry vs Chanta and the Jones  0 seconds"	""		""	""	""	""	""	""	""	""	""	""		
"Event"	"The Johnny vs Chip"	"EV199"	"The Johnny vs Chip"		201		"Orange"		False	2370-12-25 05:37:58			2370-12-25 05:42:00	"4 minutes, 2 seconds"		""	""	""	"Start is after end of Johnny escalates the testing 0 seconds
End equals start of Birth of the Dawkins 0 seconds"	""		"Chip Stockwell
John Stoat
Sarah Jacobson
Chilo Damagetus
Kleoboulos Windus
Solo Athena"	"Chip Stockwell
John Stoat
Sarah Jacobson
Chilo Damagetus
Kleoboulos Windus
Solo Athena"	""	""	""	""	""	""	""	""		
"Event"	"Sarah confronts Eloise"	"EV200"	"Sarah confronts Eloise"		202		"Orange"		False	2370-12-25 05:42:00			2370-12-25 05:42:00	"0 seconds"		""	""	""	"End equals start of Birth of the Dawkins 0 seconds"	""		""	""	""	""	""	""	""	""	""	""		
"Event"	"Birth of the Dawkins"	"EV122"	"Birth of the Dawkins"		203		"Fuschia"		False	2370-12-25 05:42			2370-12-25 05:42:01	"1 second"		""	""	""	"Start equals end of Sarah confronts Eloise 0 seconds
Start equals end of Chanta vs Alexander 0 seconds
Start is after end of The Sages impregnate Sarah -243 days
Start is after end of The Gibson Desert meeting 36 hours
Start is after start of Ascension Day 5 hours, 42 minutes
Start equals end of Fridge Force drones attack 18 minutes
Start equals end of MoSES drones  inflitrate Subli 0 seconds
Start equals end of The Johnny vs Chip 0 seconds
Start is after end of Chilo gets Chip out of the con 50 minutes"	""		""	""	""	""	""	""	""	""	""	""		
"Character"	"Emil Kalheri"	""	"Emil Kalheri"	""			#73c619		False	2345-02-12 02:17:00			2345-02-12 02:17:00	"0 seconds"		""	""	""	""	""		""	""	""	""	""	""	""	""	""	""		
"Character"	"Travis Teh"	""	"Travis Teh"	""			#00a2ef		False	2370-02-12 01:57:00			2370-02-12 01:57:00	"0 seconds"		""	""	""	""	""		""	""	""	""	""	""	""	""	""	""		
"Character"	"Hayley Lanning"	""	"Hayley Lanning"	""			#004fef		False					"0 seconds"		""	""	""	""	""		""	""	""	""	""	""	""	""	""	""		
"Character"	"Piotr Dunhilton"	""	"Piotr Dunhilton"	""			#bc28c8		False					"0 seconds"		""	""	""	""	""		""	""	""	""	""	""	""	""	""	""		
"Character"	"Sarah Jacobson"	""	"Sarah Jacobson"	""			#f89dff		False					"0 seconds"		""	""	""	""	""		""	""	""	""	""	""	""	""	""	""		
"Character"	"John Stoat"	""	"John Stoat"	""			#e79102		False					"0 seconds"		""	""	""	""	""		""	""	""	""	""	""	""	""	""	""		
"Character"	"Dick van Dyke"	""	"Dick van Dyke"	""			#f5e309		False					"0 seconds"		""	""	""	""	""		""	""	""	""	""	""	""	""	""	""		
"Character"	"Rick van Reich"	""	"Rick van Reich"	""			#f5e309		False					"0 seconds"		""	""	""	""	""		""	""	""	""	""	""	""	""	""	""		
"Character"	"Tony Chantara"	""	"Tony Chantara"	""			#bc28c8		False					"0 seconds"		""	""	""	""	""		""	""	""	""	""	""	""	""	""	""		
"Character"	"Chip Stockwell"	""	"Chip Stockwell"	""			#b59dff		False					"0 seconds"		""	""	""	""	""		""	""	""	""	""	""	""	""	""	""		
"Character"	"Padmala Chuglingham"	""	"Padmala Chuglingham"	""			#fe3d5a		False					"0 seconds"		""	""	""	""	""		""	""	""	""	""	""	""	""	""	""		
"Character"	"Special Agent Ajent Jones"	""	"Special Agent Ajent Jones"	""			#e79102		False					"0 seconds"		""	""	""	""	""		""	""	""	""	""	""	""	""	""	""		
"Character"	"Abe"	""	"Abe"	""			#73c619		False					"0 seconds"		""	""	""	""	""		""	""	""	""	""	""	""	""	""	""		
"Character"	"Major"	""	"Major"	""			#00a2ef		False					"0 seconds"		""	""	""	""	""		""	""	""	""	""	""	""	""	""	""		
"Character"	"Haloren Smythe"	""	"Haloren Smythe"	""			#f5e309		False					"0 seconds"		""	""	""	""	""		""	""	""	""	""	""	""	""	""	""		
"Character"	"Alexander Shakti"	""	"Alexander Shakti"	""			#d0011b		False					"0 seconds"		""	""	""	""	""		""	""	""	""	""	""	""	""	""	""		
"Character"	"Hamish Hammersmith"	""	"Hamish Hammersmith"	""			#bc28c8		False					"0 seconds"		""	""	""	""	""		""	""	""	""	""	""	""	""	""	""		
"Character"	"Avi Grubler"	""	"Avi Grubler"	""			#b59dff		False					"0 seconds"		""	""	""	""	""		""	""	""	""	""	""	""	""	""	""		
"Character"	"Corporal Sman"	""	"Corporal Sman"	""			#fe3d5a		False					"0 seconds"		""	""	""	""	""		""	""	""	""	""	""	""	""	""	""		
"Character"	"Captain Junkers"	""	"Captain Junkers"	""			#e79102		False					"0 seconds"		""	""	""	""	""		""	""	""	""	""	""	""	""	""	""		
"Character"	"Lonnie"	""	"Lonnie"	""			#00a2ef		False					"0 seconds"		""	""	""	""	""		""	""	""	""	""	""	""	""	""	""		
"Character"	"Kleoboulos Windus"	""	"Kleoboulos Windus"	""			#f5e309		False					"0 seconds"		""	""	""	""	""		""	""	""	""	""	""	""	""	""	""		
"Character"	"Chilo Damagetus"	""	"Chilo Damagetus"	""			#d0011b		False					"0 seconds"		""	""	""	""	""		""	""	""	""	""	""	""	""	""	""		
"Character"	"Elmer Elvis"	""	"Elmer Elvis"	""			#bc28c8		False					"0 seconds"		""	""	""	""	""		""	""	""	""	""	""	""	""	""	""		
"Character"	"Solo Athena"	""	"Solo Athena"	""			#b59dff		False					"0 seconds"		""	""	""	""	""		""	""	""	""	""	""	""	""	""	""		
"Character"	"Police Commissioner"	""	"Police Commissioner"	""			#fe3d5a		False					"0 seconds"		""	""	""	""	""		""	""	""	""	""	""	""	""	""	""		
"Character"	"Nancy"	""	"Nancy"	""			#e79102		False					"0 seconds"		""	""	""	""	""		""	""	""	""	""	""	""	""	""	""		
"Character"	"Dr John"	""	"Dr John"	""			#73c619		False					"0 seconds"		""	""	""	""	""		""	""	""	""	""	""	""	""	""	""		
"Character"	"Dr Nick"	""	"Dr Nick"	""			#00a2ef		False					"0 seconds"		""	""	""	""	""		""	""	""	""	""	""	""	""	""	""		
"Character"	"Gerald “Very” Hardman"	""	"Gerald “Very” Hardman"	""			#f5e309		False					"0 seconds"		""	""	""	""	""		""	""	""	""	""	""	""	""	""	""		
"Character"	"Dr Kathy Logan"	""	"Dr Kathy Logan"	""			#2fc286		False					"0 seconds"		""	""	""	""	""		""	""	""	""	""	""	""	""	""	""		
"Character"	"Tulsa McLean"	""	"Tulsa McLean"	""			#bc28c8		False					"0 seconds"		""	""	""	""	""		""	""	""	""	""	""	""	""	""	""		
"Character"	"Director of Moral Observance"	""	"Director of Moral Observance"	""			#b59dff		False					"0 seconds"		""	""	""	""	""		""	""	""	""	""	""	""	""	""	""		
"Character"	"Director of Freedom"	""	"Director of Freedom"	""			#fe3d5a		False					"0 seconds"		""	""	""	""	""		""	""	""	""	""	""	""	""	""	""		
"Character"	"Commissioner of Elvi Rights"	""	"Commissioner of Elvi Rights"	""			#e79102		False					"0 seconds"		""	""	""	""	""		""	""	""	""	""	""	""	""	""	""		
"Character"	"Refrigeration Ombudsman"	""	"Refrigeration Ombudsman"	""			#73c619		False					"0 seconds"		""	""	""	""	""		""	""	""	""	""	""	""	""	""	""		
"Character"	"President of the Humpty Doo Tank Battle Reenactment Club"	""	"President of the Humpty Doo Ta"	""			#00a2ef		False					"0 seconds"		""	""	""	""	""		""	""	""	""	""	""	""	""	""	""		
"Character"	"Director of Defence"	""	"Director of Defence"	""			#f5e309		False					"0 seconds"		""	""	""	""	""		""	""	""	""	""	""	""	""	""	""		
"Character"	"Director of Housing"	""	"Director of Housing"	""			#d0011b		False					"0 seconds"		""	""	""	""	""		""	""	""	""	""	""	""	""	""	""		
"Character"	"Director of Tourism"	""	"Director of Tourism"	""			#bc28c8		False					"0 seconds"		""	""	""	""	""		""	""	""	""	""	""	""	""	""	""		
"Character"	"Director of Foreign Affairs"	""	"Director of Foreign Affairs"	""			#b59dff		False					"0 seconds"		""	""	""	""	""		""	""	""	""	""	""	""	""	""	""		
"Character"	"Eloise Shakti"	""	"Eloise Shakti"	""			#fe3d5a		False					"0 seconds"		""	""	""	""	""		""	""	""	""	""	""	""	""	""	""		
"Character"	"Captain Denver A. Elvis"	""	"Captain Denver A. Elvis"	""			#73c619		False					"0 seconds"		""	""	""	""	""		""	""	""	""	""	""	""	""	""	""		
"Character"	"Orion Contolan"	""	"Orion Contolan"	""			#00a2ef		False					"0 seconds"		""	""	""	""	""		""	""	""	""	""	""	""	""	""	""		
"Character"	"Jody"	""	"Jody"	""			#f5e309		False					"0 seconds"		""	""	""	""	""		""	""	""	""	""	""	""	""	""	""		
"Character"	"Blake Mudrak"	""	"Blake Mudrak"	""			#d0011b		False					"0 seconds"		""	""	""	""	""		""	""	""	""	""	""	""	""	""	""		
"Character"	"Stacy"	""	"Stacy"	""			#bc28c8		False					"0 seconds"		""	""	""	""	""		""	""	""	""	""	""	""	""	""	""		
"Character"	"Macy"	""	"Macy"	""			#b59dff		False					"0 seconds"		""	""	""	""	""		""	""	""	""	""	""	""	""	""	""		
"Character"	"Ahmed Siddig"	""	"Ahmed Siddig"	""			#fe3d5a		False					"0 seconds"		""	""	""	""	""		""	""	""	""	""	""	""	""	""	""		
"Character"	"The High Elvis"	""	"The High Elvis"	""			#fe3d5a		False					"0 seconds"		""	""	""	""	""		""	""	""	""	""	""	""	""	""	""		
"Character"	"Ignatius d’Molesto"	""	"Ignatius d’Molesto"	""			#00a2ef		False					"0 seconds"		""	""	""	""	""		""	""	""	""	""	""	""	""	""	""		
"Character"	"Little Clinton"	""	"Little Clinton"	""			#f5e309		False					"0 seconds"		""	""	""	""	""		""	""	""	""	""	""	""	""	""	""		
"Character"	"New Entity"	""	"New Entity"	""			#e79102		False					"0 seconds"		""	""	""	""	""		""	""	""	""	""	""	""	""	""	""		
"Character"	"Fisher"	"PER1"	"Fisher"				"Blue"		False					"0 seconds"		""	""	""	""	""		""	""	""	""	""	""	""	""	""	""		
"Character"	"Marguerita"	"PER2"	"Marguerita"				"Blue"		False					"0 seconds"		""	""	""	""	""		""	""	""	""	""	""	""	""	""	""		
"Character"	"Valerie"	"PER3"	"Valerie"				"Blue"		False					"0 seconds"		""	""	""	""	""		""	""	""	""	""	""	""	""	""	""		
"Character"	"Peggy"	"PER4"	"Peggy"				"Blue"		False					"0 seconds"		""	""	""	""	""		""	""	""	""	""	""	""	""	""	""		
"Character"	"Nelly"	"PER5"	"Nelly"				"Blue"		False					"0 seconds"		""	""	""	""	""		""	""	""	""	""	""	""	""	""	""		
"Character"	"Rusty"	"PER6"	"Rusty"				"Blue"		False					"0 seconds"		""	""	""	""	""		""	""	""	""	""	""	""	""	""	""		
"Character"	"Maile"	"PER7"	"Maile"				"Blue"		False					"0 seconds"		""	""	""	""	""		""	""	""	""	""	""	""	""	""	""		
"Character"	"Walter"	"PER8"	"Walter"				"Blue"		False					"0 seconds"		""	""	""	""	""		""	""	""	""	""	""	""	""	""	""		
"Character"	"Heinrich"	"PER9"	"Heinrich"				"Blue"		False					"0 seconds"		""	""	""	""	""		""	""	""	""	""	""	""	""	""	""		
"Character"	"Bala Chuglingham"	"PER10"	"Bala Chuglingham"				"Blue"		False					"0 seconds"		""	""	""	""	""		""	""	""	""	""	""	""	""	""	""		
"Character"	"Tiki Chuglingham"	"PER11"	"Tiki Chuglingham"				"Blue"		False					"0 seconds"		""	""	""	""	""		""	""	""	""	""	""	""	""	""	""		
"Character"	"Shyamala Chuglingham"	"PER12"	"Shyamala Chuglingham"				"Blue"		False					"0 seconds"		""	""	""	""	""		""	""	""	""	""	""	""	""	""	""		
"Character"	"Pastor Rex Humble"	"PER13"	"Pastor Rex Humble"				"Blue"		False					"0 seconds"		""	""	""	""	""		""	""	""	""	""	""	""	""	""	""		
"Character"	"Steve Grayson"	"PER14"	"Steve Grayson"				"Blue"		False					"0 seconds"		""	""	""	""	""		""	""	""	""	""	""	""	""	""	""		
"Character"	"Dr Quark"	"PER15"	"Dr Quark"				"Blue"		False					"0 seconds"		""	""	""	""	""		""	""	""	""	""	""	""	""	""	""		
"Story Arc"	"TPlus viral transmission"	""	"TPlus viral transmission"	""			"Orange"		False					"0 seconds"		""	""	""	""	""		""	""	""	""	""	""	""	""	""	""		
"Story Arc"	"The Rise of the Elvi"	""	"The Rise of the Elvi"	""			#d0011b		False					"0 seconds"		""	""	""	""	""		""	""	""	""	""	""	""	""	""	""		
"Story Arc"	"Gyges Disc Research"	""	"Gyges Disc Research"	""			#bc28c8		False					"0 seconds"		""	""	""	""	""		""	""	""	""	""	""	""	""	""	""		
"Story Arc"	"Travis Teh’s Murder"	""	"Travis Teh’s Murder"	""			#b59dff		False					"0 seconds"		""	""	""	""	""		""	""	""	""	""	""	""	""	""	""		
"Story Arc"	"Hayley’s Investigations"	""	"Hayley’s Investigations"	""			#fe3d5a		False					"0 seconds"		""	""	""	""	""		""	""	""	""	""	""	""	""	""	""		
"Story Arc"	"Sarah & Tony"	""	"Sarah & Tony"	""			#e79102		False					"0 seconds"		""	""	""	""	""		""	""	""	""	""	""	""	""	""	""		
"Story Arc"	"Tony’s Inheritance"	""	"Tony’s Inheritance"	""			#73c619		False					"0 seconds"		""	""	""	""	""		""	""	""	""	""	""	""	""	""	""		
"Story Arc"	"Agent Jones wants the Gyges Disc"	""	"Agent Jones wants the Gyges Di"	""			#00a2ef		False					"0 seconds"		""	""	""	""	""		""	""	""	""	""	""	""	""	""	""		
"Story Arc"	"Stickett Inn Bombing"	""	"Stickett Inn Bombing"	""			#d0011b		False					"0 seconds"		""	""	""	""	""		""	""	""	""	""	""	""	""	""	""		
"Story Arc"	"Nightclub Vampire"	""	"Nightclub Vampire"	""			#bc28c8		False					"0 seconds"		""	""	""	""	""		""	""	""	""	""	""	""	""	""	""		
"Story Arc"	"Alexander loves Sarah"	""	"Alexander loves Sarah"	""			#fe3d5a		False					"0 seconds"		""	""	""	""	""		""	""	""	""	""	""	""	""	""	""		
"Story Arc"	"Prophecy"	""	"Prophecy"	""			#b59dff		False					"0 seconds"		""	""	""	""	""		""	""	""	""	""	""	""	""	""	""		
"Story Arc"	"Holy Momma"	""	"Holy Momma"	""			#e79102		False					"0 seconds"		""	""	""	""	""		""	""	""	""	""	""	""	""	""	""		
"Story Arc"	"Dunhilton exerts Power"	""	"Dunhilton exerts Power"	""			#f5e309		False					"0 seconds"		""	""	""	""	""		""	""	""	""	""	""	""	""	""	""		
"Story Arc"	"Gerry’s Rise"	""	"Gerry’s Rise"	""			#b59dff		False					"0 seconds"		""	""	""	""	""		""	""	""	""	""	""	""	""	""	""		
"Story Arc"	"Great Teacher"	""	"Great Teacher"	""			#fe3d5a		False					"0 seconds"		""	""	""	""	""		""	""	""	""	""	""	""	""	""	""		
"Story Arc"	"Gerry’s Virus"	""	"Gerry’s Virus"	""			#e79102		False					"0 seconds"		""	""	""	""	""		""	""	""	""	""	""	""	""	""	""		
"Story Arc"	"Eloise wants to retire"	""	"Eloise wants to retire"	""			#73c619		False					"0 seconds"		""	""	""	""	""		""	""	""	""	""	""	""	""	""	""		
"Story Arc"	"Three Sisters"	""	"Three Sisters"	""			#f5e309		False					"0 seconds"		""	""	""	""	""		""	""	""	""	""	""	""	""	""	""		
"Story Arc"	"Tony’s Sex Life"	"ARC2"	"Tony’s Sex Life"				"Pink"		False					"0 seconds"		""	""	""	""	""		""	""	""	""	""	""	""	""	""	""		
"Location"	"Blue Suede Bar"	""	"Blue Suede Bar"	""			#e79102		False					"0 seconds"		""	""	""	""	""		""	""	""	""	""	""	""	""	""	""		
"Location"	"Sarah’s Office"	""	"Sarah’s Office"	""			#73c619		False					"0 seconds"		""	""	""	""	""		""	""	""	""	""	""	""	""	""	""		
"Location"	"A bar"	""	"A bar"	""			#00a2ef		False					"0 seconds"		""	""	""	""	""		""	""	""	""	""	""	""	""	""	""		
"Location"	"Outside the Bar"	""	"Outside the Bar"	""			#f5e309		False					"0 seconds"		""	""	""	""	""		""	""	""	""	""	""	""	""	""	""		
"Location"	"Chuglingham’s Apartment"	""	"Chuglingham’s Apartment"	""			#d0011b		False					"0 seconds"		""	""	""	""	""		""	""	""	""	""	""	""	""	""	""		
"Location"	"Travis Teh’s Apartment"	""	"Travis Teh’s Apartment"	""			#bc28c8		False					"0 seconds"		""	""	""	""	""		""	""	""	""	""	""	""	""	""	""		
"Location"	"Stickett Inn"	""	"Stickett Inn"	""			#fe3d5a		False					"0 seconds"		""	""	""	""	""		""	""	""	""	""	""	""	""	""	""		
"Location"	"Random Camera Studio"	""	"Random Camera Studio"	""			#e79102		False					"0 seconds"		""	""	""	""	""		""	""	""	""	""	""	""	""	""	""		
"Location"	"Avi’s Apartment"	""	"Avi’s Apartment"	""			#73c619		False					"0 seconds"		""	""	""	""	""		""	""	""	""	""	""	""	""	""	""		
"Location"	"Tony’s Apartment"	""	"Tony’s Apartment"	""			#00a2ef		False					"0 seconds"		""	""	""	""	""		""	""	""	""	""	""	""	""	""	""		
"Location"	"Truth"	""	"Truth"	""			#f5e309		False					"0 seconds"		""	""	""	""	""		""	""	""	""	""	""	""	""	""	""		
"Location"	"Memphis Mafia Bar"	""	"Memphis Mafia Bar"	""			#d0011b		False					"0 seconds"		""	""	""	""	""		""	""	""	""	""	""	""	""	""	""		
"Location"	"the Ghetto"	""	"the Ghetto"	""			#fe3d5a		False					"0 seconds"		""	""	""	""	""		""	""	""	""	""	""	""	""	""	""		
"Location"	"Graceland"	""	"Graceland"	""			#73c619		False					"0 seconds"		""	""	""	""	""		""	""	""	""	""	""	""	""	""	""		
"Location"	"the Mansion"	""	"the Mansion"	""			#bc28c8		False					"0 seconds"		""	""	""	""	""		""	""	""	""	""	""	""	""	""	""		
"Location"	"Sublime Point"	""	"Sublime Point"	""			#00a2ef		False					"0 seconds"		""	""	""	""	""		""	""	""	""	""	""	""	""	""	""		
"Location"	"Shakti Tower"	""	"Shakti Tower"	""			#d0011b		False					"0 seconds"		""	""	""	""	""		""	""	""	""	""	""	""	""	""	""		
"Location"	"The Travelator"	""	"The Travelator"	""			#bc28c8		False					"0 seconds"		""	""	""	""	""		""	""	""	""	""	""	""	""	""	""		
"Location"	"Gravity Well Restaurant"	""	"Gravity Well Restaurant"	""			#b59dff		False					"0 seconds"		""	""	""	""	""		""	""	""	""	""	""	""	""	""	""		
"Location"	"St Hedge’s Cathedral"	""	"St Hedge’s Cathedral"	""			#fe3d5a		False					"0 seconds"		""	""	""	""	""		""	""	""	""	""	""	""	""	""	""		
"Location"	"American Sound Studios"	""	"American Sound Studios"	""			#fe3d5a		False					"0 seconds"		""	""	""	""	""		""	""	""	""	""	""	""	""	""	""		
"Location"	"Starborne One"	"LOC1"	"Starborne One"				"Fuschia"		False					"0 seconds"		""	""	""	""	""		""	""	""	""	""	""	""	""	""	""		
"Location"	"Elvi Parliament"	"LOC2"	"Elvi Parliament"				"Fuschia"		False					"0 seconds"		""	""	""	""	""		""	""	""	""	""	""	""	""	""	""		
"Narrative Folder"	"Love Me Cleaner"	"NF4"	"Love Me Cleaner"	""		"Chapter 4"	"Purple"		False					"0 seconds"		""	""	""	""	""		""	""	""	""	""	""	""	""	""	""		
"Narrative Folder"	"Malicious Signs"	"NF5"	"Malicious Signs"	""		"Chapter 5"	"Purple"		False					"0 seconds"		""	""	""	""	""		""	""	""	""	""	""	""	""	""	""		
"Narrative Folder"	"Recidivist Grinds"	"NF6"	"Recidivist Grinds"	"Key elements in this chapter:
 
1. Halo's perspective and inner thoughts are revealed.
2. Introduction of Avi, a mysterious woman who turns out to be an operative.
3. A sexual encounter that turns into a deadly confrontation.
4. Revelation that Avi was responsible for the bombing at the Stickett Inn.
5. Halo is exposed as a serial killer."		"Chapter 6"	"Purple"		False					"0 seconds"		""	""	""	""	""		""	""	""	""	""	""	""	""	""	""		
"Narrative Folder"	"You Got That Tender Bleeding"	"NF7"	"You Got That Tender Bleeding"	"Key elements in this chapter:
 
1. Alexander's involvement in the aftermath of the bombing.
2. Introduction of Constable Sman and his ""Demographically Sensitive Culling"" approach.
3. The arbitrary and brutal nature of law enforcement in this world.
4. Alexander's sudden infatuation with Sarah, whom he sees injured at the scene.
5. Alexander's recognition of Chanta and his decision to protect him.
 "		"Chapter 7"	"Purple"		False					"0 seconds"		""	""	""	""	""		""	""	""	""	""	""	""	""	""	""		
"Narrative Folder"	"Return to Mender"	"NF8"	"Return to Mender"	"Key elements in this chapter:
 
1. The stark contrast between Airborne and Cloudborne medical care.
2. Sarah's rapid healing and the doctors' dismissal of it as superior Airborne genes.
3. Sarah's decision to rescue Chanta from the substandard Cloudborne hospital.
4. The growing bond between Sarah and Chanta as she cares for him in his apartment.
5. Sarah's discovery of the mysterious disc in Chanta's possession."		"Chapter 8"	"Purple"		False					"0 seconds"		""	""	""	""	""		""	""	""	""	""	""	""	""	""	""		
"Narrative Folder"	"Imaginary Pains"	"NF9"	"Imaginary Pains"	"Key elements in this chapter:
 
1. Introduction of Dick and Rick, part-time PAPER contractors and ambulance workers.
2. Agent Jones's interrogation methods, including the use of ""experience sheaths"" for torture.
3. The revelation that a cleaner (likely Chanta) was seen at the scene of Emil Kalheri's death.
4. Agent Jones's growing frustration and paranoia about a possible side operation.
5. The brutal and graphic nature of the interrogation."		"Chapter 9"	"Purple"		False					"0 seconds"		""	""	""	""	""		""	""	""	""	""	""	""	""	""	""		
"Narrative Folder"	"Precarious Signs"	"NF10"	"Precarious Signs"	"Key elements in this chapter:
 
1. Agent Jones confronts Sarah and Chanta in Chanta's apartment.
2. The focus of Agent Jones's search shifts explicitly to ""the disc.""
3. Sarah's quick thinking and improvised defense using a case of beer.
4. Chanta and Sarah's escape and subsequent car chase.
5. Sarah's discovery that Chanta has been hiding information about the disc.
6. The mysterious properties of the disc causing their van to crash."		"Chapter 10"	"Purple"		False					"0 seconds"		""	""	""	""	""		""	""	""	""	""	""	""	""	""	""		
"Narrative Folder"	"The Sages' Aims"	"NF11"	"The Sages' Aims"	"Key elements in this chapter:
 
1. Sarah and Chanta seek refuge in the Memphis Mafia Bar, deep in the Ghetto.
2. Introduction of the Elvi culture and their significance in this world.
3. Sarah's attempt to scan for security and her growing paranoia.
4. Johnny's arrival and his reaction to the disc.
5. Introduction of Kleoboulos Windus and the Seven Sages Corp.
6. The shocking proposal to get Sarah pregnant.
"		"Chapter 11"	"Purple"		False					"0 seconds"		""	""	""	""	""		""	""	""	""	""	""	""	""	""	""		
"Narrative Folder"	"Propitious Signs"	"NF12"	"Propitious Signs"	"Key elements in this chapter:
 
1. Agent Jones's raid on the Memphis Mafia Bar.
2. Kleoboulos's attempt to defuse the situation through conversation and possible mind control.
3. The revelation of the Elvi's combat capabilities and their past as clones.
4. Sarah and Chanta's escape with the help of Lonnie.
5. Johnny being left behind.
 "		"Chapter 12"	"Purple"		False					"0 seconds"		""	""	""	""	""		""	""	""	""	""	""	""	""	""	""		
"Narrative Folder"	"Sarah Does Vegas"	"NF13"	"Sarah Does Vegas"	"Key elements in this chapter:
 
1. The immersive experience of the Vegas Show and its profound effect on Sarah.
2. Chanta's aggressive confrontation with the Three Sages after the show.
3. The Sages' revelation about their intention to bring about the end of the universe.
4. The attempt to drug Sarah and Chanta.
5. The Gyges Disc's bizarre behavior and its attachment to Sarah."		"Chapter 13"	"Purple"		False					"0 seconds"		""	""	""	""	""		""	""	""	""	""	""	""	""	""	""		
"Narrative Folder"	"Return to Santa, undress a gnome"	"NF14"	"Return to Santa, undress a gno"	"Key elements in Part 2:
 
1. The development of Sarah's pregnancy and its mysterious nature.
2. Chanta's imprisonment, torture, and eventual rescue by the Elvi.
3. The growing importance of the Elvi as a faction.
4. The introduction of new powerful figures like Eloise Shakti and CEO Piotr Dunhilton.
5. The revelation of the Gyges Disc's powers and its changing hands.
6. The government's reaction to the Elvi threat.
7. The mystery of HIBReLabs and Jamison Hardy.
8. The revelation that Sarah is carrying a clone of Richard Dawkins."		"Chapter 14"	"Purple"		False					"0 seconds"		""	""	""	""	""		""	""	""	""	""	""	""	""	""	""		
"Narrative Folder"	"Infectious Games"	"NF15"	"Infectious Games"	"Key elements in this chapter:
 
1. Introduction of Chip Stockwell, a Stasis Anomalies Investigator from Fridge Force.
2. The concept of stasis units as a revolutionary food preservation technology.
3. The investigation of Missus Chuglingham's malfunctioning stasis unit.
4. The dystopian nature of law enforcement and consumer rights in this society.
5. The mysterious disappearance of something from the Chuglingham's stasis unit."		"Chapter 15"	"Purple"		False					"0 seconds"		""	""	""	""	""		""	""	""	""	""	""	""	""	""	""		
"Narrative Folder"	"Officious Binds"	"NF16"	"Officious Binds"	"Key elements in this chapter:
 
1. Alexander's arrest of Chanta and their conversation in the police vehicle.
2. The revelation of multiple charges against Chanta, including theft of the Gyges Disc.
3. Alexander's obsession with Sarah and his request for Chanta to reveal her location.
4. The ambiguous nature of Alexander's intentions towards Chanta.
5. The suggestion that Alexander's memories of rescuing Chanta and Sarah might be implanted."		"Chapter 16"	"Purple"		False					"0 seconds"		""	""	""	""	""		""	""	""	""	""	""	""	""	""	""		
"Narrative Folder"	"Egregious Lies"	"NF17"	"Egregious Lies"	"Key elements in this chapter:
 
1. Halo's true nature as a serial killer is further revealed.
2. His obsession with Sarah and frustration with Chanta being framed for his crimes.
3. The public announcement framing Chanta for various crimes, including Halo's murders.
4. Halo's decision to shift from serial killing to political assassination.
5. The assassination of the Commissioner of Ulyssia Police Incorporated."		"Chapter 17"	"Purple"		False					"0 seconds"		""	""	""	""	""		""	""	""	""	""	""	""	""	""	""		
"Narrative Folder"	"Contentious Files"	"NF18"	"Contentious Files"	"Key elements in this chapter:
 
1. Introduction of Detective Superintendent Hayley Lanning, a competent and ethical cop in a corrupt system.
2. Alexander Shakti's attempt to take over the Scarlet Shower Surgeon case from Hayley.
3. The revelation of Alexander's incompetence and his tendency to treat real police work as if it were a TV show.
4. The contrast between Hayley's genuine investigative skills and Alexander's celebrity-focused approach.
5. The discussion of recent murders that contradict the official narrative about Chanta being the Scarlet Shower Surgeon."		"Chapter 18"	"Purple"		False					"0 seconds"		""	""	""	""	""		""	""	""	""	""	""	""	""	""	""		
"Narrative Folder"	"Shake, Rattle and Drug"	"NF19"	"Shake, Rattle and Drug"	"Key elements in this chapter:
 
1. Sarah's unexpected illness and morning sickness.
2. The introduction of Dr John and Dr Nick, Elvi doctors with questionable medical practices.
3. The offering of ""Dr Nick's Mix"" as a cure-all.
4. Sarah's experience with the drug and its aftereffects.
5. Sarah's realization that she needs a ""real doctor""."		"Chapter 19"	"Purple"		False					"0 seconds"		""	""	""	""	""		""	""	""	""	""	""	""	""	""	""		
"Narrative Folder"	"G. Hardman Spies"	"NF20"	"G. Hardman Spies"	"Key elements in this chapter:
 
1. Gerry Hardman's promotion to Commissioner of Police.
2. The briefing between Gerry and Agent Jones about the current situation.
3. Agent Jones' suspicion of Gerry as a spy.
4. Halo's reaction to Gerry's appointment and his plans to break Chanta out of Truth.
5. The revelation that the Elvi have already rescued Chanta."		"Chapter 20"	"Purple"		False					"0 seconds"		""	""	""	""	""		""	""	""	""	""	""	""	""	""	""		
"Narrative Folder"	"In Craving Times"	"NF21"	"In Craving Times"	"Key elements in this chapter:
 
1. Introduction of Dr Katherine (Kathy) Logan, a more competent and trustworthy doctor.
2. The medical examination of Sarah and collection of DNA samples.
3. The revelation that Chanta is not the father of Sarah's baby.
4. The discovery that Sarah is not the biological mother of the fetus she's carrying.
5. The identification of the fetus as a clone of Richard Dawkins."		"Chapter 21"	"Purple"		False					"0 seconds"		""	""	""	""	""		""	""	""	""	""	""	""	""	""	""		
"Narrative Folder"	"Battle Hymn of the Elvi"	"NF22"	"Battle Hymn of the Elvi"	"Key elements in this chapter:
 
1. The Elvi's dramatic rescue of Chanta from the PAPER facility called Truth.
2. The use of tanks and military-style tactics by the Elvi.
3. The revelation that the Elvi see Chanta as a hero and the father of the ""Holy Momma's"" child.
4. The introduction of Specialist 5 Tulsa McLean, an Elvi leader.
5. The disruption of Chanta's interrogation and the Curb Your Individualism show.
"		"Chapter 22"	"Purple"		False					"0 seconds"		""	""	""	""	""		""	""	""	""	""	""	""	""	""	""		
"Narrative Folder"	"Dear Woman Blues"	"NF23"	"Dear Woman Blues"	"Key elements in this chapter:
 
1. Introduction of Eloise Shakti, a powerful and influential figure.
2. Eloise's visit to Sarah and her demand for the Gyges Disc.
3. Eloise's manipulation and threats to get Sarah to comply.
4. The involvement of Johnny Stoat in acquiring the disc.
5. The reunion of Sarah and Chanta."		"Chapter 23"	"Purple"		False					"0 seconds"		""	""	""	""	""		""	""	""	""	""	""	""	""	""	""		
"Narrative Folder"	"Lathe my Fender"	"NF24"	"Lathe my Fender"	"Key elements in this chapter:
 
1. Sarah's DNA test results reveal the fetus is a clone of Richard Dawkins.
2. The implications of this revelation for Sarah, Chanta, and the Elvi.
3. Chanta's eviction from the mansion by the Elvi.
4. Chanta's spontaneous creation of a new song that captivates the Elvi.
5. The potential shift in Chanta's status among the Elvi due to his song."		"Chapter 24"	"Purple"		False					"0 seconds"		""	""	""	""	""		""	""	""	""	""	""	""	""	""	""		
"Narrative Folder"	"Bite lice itchy gonna sell my small air fryer"	"NF25"	"Bite lice itchy gonna sell my "	"Key elements in Part 3:
 
1. Hayley's thorough investigation into the case, uncovering connections between Chanta, Sarah, and various agencies.
2. The revelation of Sarah's pregnancy and its true nature (a clone of Richard Dawkins).
3. The Elvi's growing political organization and their reverence for Sarah as the ""Holy Momma"".
4. Johnny's disastrous experiments with the Gyges Disc.
5. Alexander's siege of the Elvi mansion and Eloise's intervention.
6. The complex interplay between various factions: police, PAPER, Elvi, and Shakti Enterprises.
 "		"Chapter 25"	"Purple"		False					"0 seconds"		""	""	""	""	""		""	""	""	""	""	""	""	""	""	""		
"Narrative Folder"	"Holy Momma Blues"	"NF26"	"Holy Momma Blues"	"Key elements in this chapter:
 
1. CEO Piotr Dunhilton assembles a group of high-ranking officials to address the Elvi situation.
2. Discussion of the Elvi's tank attack on the PAPER facility and Chanta's rescue.
3. Revelation of the ""Holy Momma"" as a potential religious figure for the Elvi.
4. Debate over how to handle the Elvi threat, including suggestions of concentration camps and extermination.
5. Introduction of Gerry Hardman's mysterious file about Jamison Hardy and HIBReLabs.
 "		"Chapter 26"	"Purple"		False					"0 seconds"		""	""	""	""	""		""	""	""	""	""	""	""	""	""	""		
"Narrative Folder"	"Will you Login Tonight?"	"NF27"	"Will you Login Tonight?"	"Key elements in this chapter:
 
1. Hayley's determination to investigate the case despite Shakti taking over.
2. The lack of records and data on Anthony Hardy (Chanta).
3. Hayley's discovery of suspicious patterns in Chanta Jack Cleaning's customer records.
4. The connection between Chanta and the Department of Traffic Movement and Property Security.
5. Hayley's investigation into the Travis Teh case and its connection to the bombing.
 "		"Chapter 27"	"Purple"		False					"0 seconds"		""	""	""	""	""		""	""	""	""	""	""	""	""	""	""		
"Narrative Folder"	"This Sarah’s Mine"	"NF28"	"This Sarah’s Mine"	"Key elements in this chapter:
 
1. Sarah's confinement in the mansion guarded by Elvi.
2. Alexander's persistent romantic pursuit through gifts and messages.
3. The presence of Dr Kathy Logan as Sarah's caretaker.
4. Sarah's recurring nightmares and their potential connection to her pregnancy.
5. The introduction of the Elvi's new songs and Chanta's role as the ""Great Teacher"".
 "		"Chapter 28"	"Purple"		False					"0 seconds"		""	""	""	""	""		""	""	""	""	""	""	""	""	""	""		
"Narrative Folder"	"A Mess of Brews"	"NF29"	"A Mess of Brews"	"Key elements in this chapter:
 
1. Hayley's visit to the site of the Stick It Inn bombing.
2. The discovery that the bombed-out club is still operating in the street.
3. Hayley's conversation with Chanta's friends, Abe and Major.
4. The revelation about Sarah and Chanta's relationship, and Halo's involvement.
5. Hayley's subtle manipulation to gather information and photographic evidence.
 "		"Chapter 29"	"Purple"		False					"0 seconds"		""	""	""	""	""		""	""	""	""	""	""	""	""	""	""		
"Narrative Folder"	"Viva Las Fungus"	"NF30"	"Viva Las Fungus"	"Key elements in this chapter:
 
1. The arrival of Elvi doctors (Dr John and Dr Nick) to treat Sarah's symptoms.
2. The revelation of Sarah's pregnancy to the Elvi and their reaction to it.
3. Sarah's consideration of abortion and the Elvi's strong opposition to it.
4. The performance of a threatening song by the Elvi to prevent Sarah from considering abortion.
5. Sarah's official confinement by order of the ""Supreme Kingness"" until the birth of the baby.
 "		"Chapter 30"	"Purple"		False					"0 seconds"		""	""	""	""	""		""	""	""	""	""	""	""	""	""	""		
"Narrative Folder"	"Concerned Defender"	"NF31"	"Concerned Defender"	"Key elements in this chapter:
 
1. Hayley's investigation of Chanta's apartment.
2. The discovery of evidence suggesting Sarah had been staying with Chanta.
3. Hayley's attempt to investigate Halo's address.
4. The confrontation with PAPER agents at Halo's supposed residence.
5. Hayley's narrow escape from a PAPER attack.
 "		"Chapter 31"	"Purple"		False					"0 seconds"		""	""	""	""	""		""	""	""	""	""	""	""	""	""	""		
"Narrative Folder"	"Dig, Boss Man"	"NF32"	"Dig, Boss Man"	"Key elements in this chapter:
 
1. Gerry Hardman's mission to locate and open the HIBReLabs facilities.
2. The search for the Pararetrovirus (mistakenly called Parramatta Virus by CEO Dunhilton).
3. The discovery of multiple buried lab facilities across Ulyssia.
4. The revelation of a potential virus that can target specific genetic profiles.
5. The ethical implications of using such a virus against the Elvi.
 "		"Chapter 32"	"Purple"		False					"0 seconds"		""	""	""	""	""		""	""	""	""	""	""	""	""	""	""		
"Narrative Folder"	"Reconnoitre, Baby"	"NF33"	"Reconnoitre, Baby"	"Key elements in this chapter:
 
1. Hayley's thorough investigation into Chanta Jack Cleaning's financial records.
2. The discovery of suspicious patterns in Chanta's business dealings, particularly with major corporations.
3. Hayley's uncovering of Chanta's connection to crime scene clean-ups for the police department.
4. The revelation of the events surrounding Travis Teh's death and its connection to Sarah Jacobson.
5. Hayley's conversation with John Stoat and her manipulation to gain information and evidence."		"Chapter 33"	"Purple"		False					"0 seconds"		""	""	""	""	""		""	""	""	""	""	""	""	""	""	""		
"Narrative Folder"	"Fuels Rushin'"	"NF34"	"Fuels Rushin'"	"Don’t forget: Little Richard has the DNA from the Gyges disc 

… who will find out… and how?

Key elements in this chapter:
 
1. Johnny Stoat's living situation and his relationship with his dog, Levi.
2. The introduction of Leon Husk, a thinly veiled parody of Elon Musk.
3. Johnny's work at a secret Shakti Enterprises facility.
4. The series of tests conducted on the Gyges Disc.
5. The catastrophic results of spinning the disc at high speeds."		"Chapter 34"	"Purple"		False					"0 seconds"		""	""	""	""	""		""	""	""	""	""	""	""	""	""	""		
"Narrative Folder"	"Blue Shade Blues"	"NF35"	"Blue Shade Blues"	"Key elements in this chapter:
 
1. Sarah's recurring nightmares and their potential connection to her pregnancy.
2. The growing relationship between Sarah and Kathy.
3. The revelation that Sarah is carrying a clone of Richard Dawkins.
4. Johnny's attempt to contact Sarah and his subsequent firing from Shakti Enterprises.
5. The Elvi's new songs written by Chanta and their impact."		"Chapter 35"	"Purple"		False					"0 seconds"		""	""	""	""	""		""	""	""	""	""	""	""	""	""	""		
"Narrative Folder"	"It's Nose In to Smell a Lie"	"NF36"	"It's Nose In to Smell a Lie"	"Key elements in this chapter:
 
1. Hayley's thorough investigation into Chanta Jack Cleaning's financial records.
2. The discovery of suspicious patterns in Chanta's business dealings, particularly with major corporations.
3. Hayley's uncovering of Chanta's connection to crime scene clean-ups for the police department.
4. The revelation of the events surrounding Travis Teh's death and its connection to Sarah Jacobson.
5. Hayley's conversation with John Stoat and her manipulation to gain information and evidence."		"Chapter 36"	"Purple"		False					"0 seconds"		""	""	""	""	""		""	""	""	""	""	""	""	""	""	""		
"Narrative Folder"	"Shame and Fortune"	"NF37"	"Shame and Fortune"	"Key elements in this chapter:
 
1. Alexander's public siege of the mansion where Sarah is being held.
2. The media coverage of the event, particularly by Blake Mudrake of Channel Forty-Eight.
3. Alexander's portrayal of the siege as a Candid Criminal special.
4. The revelation of PAPER gunships hovering above the scene.
5. Eloise Shakti's phone call to Alexander, warning him about the PAPER presence."		"Chapter 37"	"Purple"		False					"0 seconds"		""	""	""	""	""		""	""	""	""	""	""	""	""	""	""		
"Narrative Folder"	"Just Descend"	"NF38"	"Just Descend"	"Key elements in this chapter:
 
1. Hayley's arrival at the police cordon around the mansion.
2. Her confrontation with Alexander Shakti.
3. Hayley's revelation of her findings about Chanta and Sarah's relationship.
4. The introduction of Dr Kathy Logan.
5. The arrival of a PAPER gunship and Agent Jones.
 "		"Chapter 38"	"Purple"		False					"0 seconds"		""	""	""	""	""		""	""	""	""	""	""	""	""	""	""		
"Narrative Folder"	"Fudge of Reality"	"NF39"	"Fudge of Reality"	"Key elements in this chapter:
 
1. Agent Jones' aggressive confrontation with Hayley and Dr Kathy Logan.
2. The Elvi guards' protective stance towards Sarah (referred to as ""Holy Momma"").
3. Alexander Shakti's attempt to assert control over the situation.
4. The revelation that Sarah and Chanta are inside the mansion.
5. The escalating tension between PAPER, the police, and the Elvi."		"Chapter 39"	"Purple"		False					"0 seconds"		""	""	""	""	""		""	""	""	""	""	""	""	""	""	""		
"Narrative Folder"	"Cantalope Calling a Bluff"	"NF40"	"Cantalope Calling a Bluff"	"Key elements in this chapter:
 
1. Eloise Shakti's arrival at the mansion and her takeover of the situation.
2. The revelation of Alexander's background and Eloise's role in shaping his life.
3. Eloise's interrogation of Sarah about her pregnancy and the father.
4. The introduction of ""Clinton Dawkins"" as the supposed father of Sarah's child.
5. Eloise's proposal that Sarah marry Alexander and her child become Eloise's heir.
 "		"Chapter 40"	"Purple"		False					"0 seconds"		""	""	""	""	""		""	""	""	""	""	""	""	""	""	""		
"Narrative Folder"	"Devil Linda Skies"	"NF41"	"Devil Linda Skies"	"Key elements in this chapter:
 
1. The attack on the mansion and Eloise's calm handling of the situation.
2. Eloise's technological control over both PAPER and Elvi weaponry.
3. The escape of Sarah, Kathy, Hayley, and Eloise from the mansion.
4. Chanta's heartbreak as he watches Sarah leave with Eloise.
5. The Elvi's reaction to losing Sarah, their ""Holy Momma""."		"Chapter 41"	"Purple"		False					"0 seconds"		""	""	""	""	""		""	""	""	""	""	""	""	""	""	""		
"Narrative Folder"	"Let Your Momma Go"	"NF42"	"Let Your Momma Go"	"Key elements in this chapter:
- Chanta's emotional devastation after losing Sarah
- The Elvi's attempts to comfort and inspire Chanta
- Chanta's eventual breakthrough in writing a new song, ""Let Your Momma Go"""		"Chapter 42"	"Purple"		False					"0 seconds"		""	""	""	""	""		""	""	""	""	""	""	""	""	""	""		
"Narrative Folder"	"Take my ham steak my ol' knife too"	"NF43"	"Take my ham steak my ol' knife"	"Key elements in this part:
- Chanta's emotional journey and his role as the Great Teacher for the Elvi
- Sarah's transition into Eloise's organization and her joint venture with Alexander
- The growing influence and evolution of the Elvi culture
- The development of Project Kebab and the Gyges Disc technology
- The machinations of various factions including PAPER, Fridge Force, and the Sages
- The climactic events at the holy joint venture ceremony and reception
 "		"Chapter 43"	"Purple"		False					"0 seconds"		""	""	""	""	""		""	""	""	""	""	""	""	""	""	""		
"Narrative Folder"	"Welcome to My Wall"	"NF44"	"Welcome to My Wall"	"Key elements in this chapter:
- Sarah, Kathy, and Hayley are brought to Eloise's compound, Sublime Point
- The architectural marvel of Eloise's residence, described as a palace of interweaving triangles and curved glass
- Sarah's profound realization about the relationship between Airborne and Cloudborne
- Eloise and Sarah's private conversation about Sarah's future
"		"Chapter 44"	"Purple"		False					"0 seconds"		""	""	""	""	""		""	""	""	""	""	""	""	""	""	""		
"Narrative Folder"	"A Little Fresh Consolation"	"NF45"	"A Little Fresh Consolation"	"Key elements in this chapter:
- Three members of the Seven Sages Corp visit different characters:
  1. Solo visits Chanta
  2. Kleoboulos visits Sarah
  3. Chilo visits Johnny Stoat
- Each Sage provides information or items that will impact future events"		"Chapter 45"	"Purple"		False					"0 seconds"		""	""	""	""	""		""	""	""	""	""	""	""	""	""	""		
"Narrative Folder"	"A Little More Kitchen"	"NF46"	"A Little More Kitchen"	"Key elements in this chapter:
- Sarah and Eloise have a private conversation at Sublime Point
- They discuss Sarah's future, including a potential marriage to Alexander
- Sarah's first experience of the view from Sublime Point without the Layer
- The negotiation of Sarah's role in Eloise's organization"		"Chapter 46"	"Purple"		False					"0 seconds"		""	""	""	""	""		""	""	""	""	""	""	""	""	""	""		
"Narrative Folder"	"Sententious Lines"	"NF47"	"Sententious Lines"	""		"Chapter 47"	"Purple"		False					"0 seconds"		""	""	""	""	""		""	""	""	""	""	""	""	""	""	""		
"Narrative Folder"	"Your Shook Cup"	"NF48"	"Your Shook Cup"	"Key elements in this chapter:
- Hayley conducts an interview with Sarah about recent events
- Sarah reveals details about her interactions with Chanta (Anthony Hardy) and other characters
- Information about Halo (Haloren Smythe) and his potential role as an undercover agent is disclosed
- Sarah admits to having possessed and subsequently surrendered the Gyges Disc
The Chuglinghams move into a townhouse at Sublime point.
"		"Chapter 48"	"Purple"		False					"0 seconds"		""	""	""	""	""		""	""	""	""	""	""	""	""	""	""		
"Narrative Folder"	"I'm Fresh, You're Ripe, She's Gone"	"NF49"	"I'm Fresh, You're Ripe, She's "	"Key elements in this chapter:
- Hayley conducts an interview with Sarah about recent events
- Sarah reveals details about her interactions with Chanta (Anthony Hardy) and other characters
- Information about Halo (Haloren Smythe) and his potential role as an undercover agent is disclosed
- Sarah admits to having possessed and subsequently surrendered the Gyges Disc
 "		"Chapter 49"	"Purple"		False					"0 seconds"		""	""	""	""	""		""	""	""	""	""	""	""	""	""	""		
"Narrative Folder"	"Bruise Wade's Shoes"	"NF50"	"Bruise Wade's Shoes"	""		"Chapter 50"	"Purple"		False					"0 seconds"		""	""	""	""	""		""	""	""	""	""	""	""	""	""	""		
"Narrative Folder"	"Triple Sisters"	"NF51"	"Triple Sisters"	"Key elements in this chapter:
- Sarah, Kathy, and Hayley are briefly imprisoned after the fridge incident
- Eloise meets with Sarah to discuss her future role in the organization
- Sarah agrees to marry Alexander under certain conditions
- Sarah expresses interest in running the Gyges Disc project
"		"Chapter 51"	"Purple"		False					"0 seconds"		""	""	""	""	""		""	""	""	""	""	""	""	""	""	""		
"Narrative Folder"	"Kitchen Cozens"	"NF52"	"Kitchen Cozens"	"Key elements in this chapter:
- Hayley interviews Chip Stockwell, a Stasis Anomalies Investigator from Fridge Force
- The conversation revolves around the Chuglingham family and their connection to Travis Teh
- Hayley probes into the nature of Fridge Force's operations and the Preservation Secrets Act
- Hayley hints at her knowledge of Gyges Discs and their connection to stasis technology
 "		"Chapter 52"	"Purple"		False					"0 seconds"		""	""	""	""	""		""	""	""	""	""	""	""	""	""	""		
"Narrative Folder"	"A Beggar View"	"NF53"	"A Beggar View"	"Key elements in this chapter:
- Sarah meets with Johnny Stoat in Eloise's office
- Sarah is now head of Project Kebab, overseeing Gyges technology for Shakti Enterprises
- Johnny claims to have another Gyges Disc
- Sarah recognizes patterns from the Gyges Disc in her dreams
 "		"Chapter 53"	"Purple"		False					"0 seconds"		""	""	""	""	""		""	""	""	""	""	""	""	""	""	""		
"Narrative Folder"	"A Macing Race"	"NF54"	"A Macing Race"	"Key elements in this chapter:
- Chanta researches Clinton Richard Dawkins to find inspiration for lyrics
- The Elvi join in the research and become fascinated by Dawkins' ideas
- The group discovers Dawkins' critiques of religion and faith
- The Elvi begin to interpret Dawkins' words as prophecy about themselves
 "		"Chapter 54"	"Purple"		False					"0 seconds"		""	""	""	""	""		""	""	""	""	""	""	""	""	""	""		
"Narrative Folder"	"Prophet and a King"	"NF55"	"Prophet and a King"	"Key elements in this chapter:
 
1. The transformation of a former brothel into the Elvi Parliament House.
2. The inauguration ceremony of the High Elvis.
3. The High Elvis's speech, blending Elvis song lyrics and political rhetoric.
4. The revelation of the Elvi's plan to ""clean up the Ghetto"".
5. The Elvi's resistance to actual manual labor."		"Chapter 55"	"Purple"		False					"0 seconds"		""	""	""	""	""		""	""	""	""	""	""	""	""	""	""		
"Narrative Folder"	"Heart-Shredding Woman"	"NF56"	"Heart-Shredding Woman"	"Key elements in this chapter:
- Hayley meets Chip Stockwell at the Gravity Well restaurant
- Eloise orchestrates the meeting, applying pressure on Chip
- Hayley confronts Chip about Fridge Force's activities and the Chuglinghams
- The nature and power of the Preservation Secrets Act is discussed
 "		"Chapter 56"	"Purple"		False					"0 seconds"		""	""	""	""	""		""	""	""	""	""	""	""	""	""	""		
"Narrative Folder"	"Hard Baked Hot Towels"	"NF57"	"Hard Baked Hot Towels"	"Key elements in this chapter:
- Gerry Hardman meets with CEO Dunhilton to discuss Operation Parramatta
- They debate the naming of a virus (Parramatta Virus vs. TMinusVirus)
- Gerry reports on the recovery of the TMinusVirus

 "		"Chapter 57"	"Purple"		False					"0 seconds"		""	""	""	""	""		""	""	""	""	""	""	""	""	""	""		
"Narrative Folder"	"Can't Trust a Train"	"NF58"	"Can't Trust a Train"	"Key elements in this chapter:
- Kathy is sent on a mission by Sarah to collect the Sages
- Kathy meets with the High Elvis and a squad of Tulsa Macleans
- They wait at the Travelator station for the Sages to arrive
- The concept of ""Travelator Uncertainty"" is introduced
 "		"Chapter 58"	"Purple"		False					"0 seconds"		""	""	""	""	""		""	""	""	""	""	""	""	""	""	""		
"Narrative Folder"	"Hallways in My Mind "	"NF59"	"Hallways in My Mind "	"Key elements:
- Johnny Stoat, Chip Stockwell, and Chilo (one of the Sages) are involved in a dispute
- The conflict centers around Project Kebab (Sarah's Gyges Disc project)"		"Chapter 59"	"Purple"		False					"0 seconds"		""	""	""	""	""		""	""	""	""	""	""	""	""	""	""		
"Narrative Folder"	"Where's My Ring-a-Round of Cheques"	"NF60"	"Where's My Ring-a-Round of Che"	"Key elements:
- The holy joint venture ceremony between Sarah Jacobson and Alexander Shakti
- St Hedges Cathedral, a grandiose symbol of Airborne capitalism
- The unexpected arrival of the Elvi at the ceremony
- The religious-like rituals centered around capitalism and the market
 "		"Chapter 60"	"Purple"		False					"0 seconds"		""	""	""	""	""		""	""	""	""	""	""	""	""	""	""		
"Narrative Folder"	"(Chew the) Gravity in the Skies"	"NF61"	"(Chew the) Gravity in the Skie"	"Key elements:
- The reception following Sarah and Alexander's holy joint venture ceremony
- The mingling of Airborne and Elvi guests
- Performances by various Elvi bands
- The presence of Chanta (the Great Teacher) at the event
- Halo's undercover presence as a waiter
- the High Elvis's performance and Alexander's interruption
- The outbreak of violence following Alexander's actions
 "		"Chapter 61"	"Purple"		False					"0 seconds"		""	""	""	""	""		""	""	""	""	""	""	""	""	""	""		
"Narrative Folder"	"Grudge of the Troubled Waiter"	"NF62"	"Grudge of the Troubled Waiter"	"Key elements:
- Halo's attempted abduction of Sarah
- Sarah's unexpected fighting skills and resilience
- The intervention of Hayley
- Chanta's discovery of Halo's true identity
- The chaotic aftermath of the assault
 "		"Chapter 62"	"Purple"		False					"0 seconds"		""	""	""	""	""		""	""	""	""	""	""	""	""	""	""		
"Narrative Folder"	"No such llama, no such foam"	"NF63"	"No such llama, no such foam"	""		"Chapter 63"	"Purple"		False					"0 seconds"		""	""	""	""	""		""	""	""	""	""	""	""	""	""	""		
"Narrative Folder"	"Alexander, one dressing gown"	"NF64"	"Alexander, one dressing gown"	"Key elements:
- Alexander's focus on media coverage rather than Sarah
- Kathy and Eloise redirecting Alexander away from Sarah
- Hayley's involvement in distracting Alexander"		"Chapter 64"	"Purple"		False					"0 seconds"		""	""	""	""	""		""	""	""	""	""	""	""	""	""	""		
"Narrative Folder"	"Gee, I Bruise"	"NF65"	"Gee, I Bruise"	"Key elements:
- Chanta's physical and emotional state after the wedding reception
- Halo's posthumous video message to Chanta
- The revelation of Halo's true identity as a PAPER agent
- Halo's misogynistic views and warnings about Sarah
- Directions to a mysterious address
 "		"Chapter 65"	"Purple"		False					"0 seconds"		""	""	""	""	""		""	""	""	""	""	""	""	""	""	""		
"Narrative Folder"	"Flying to the Chapel"	"NF66"	"Flying to the Chapel"	"Key elements:
- Dunhilton's reaction to recent events, particularly the Elvi's actions at the wedding
- A cabinet meeting to address the Elvi situation
- Revelations about Haloren Smythe (the Scarlet Shower Surgeon) being a PAPER agent
- Gerry Hardman's increasing power and influence
- The decision to use religion, specifically gospel music, against the Elvi"		"Chapter 66"	"Purple"		False					"0 seconds"		""	""	""	""	""		""	""	""	""	""	""	""	""	""	""		
"Narrative Folder"	"Heir You Won Some Tonight"	"NF67"	"Heir You Won Some Tonight"	"Key elements:
- Chanta discovers he is the heir to Jamison Hardy's fortune
- The mysterious ""Rose Door"" that responds to Chanta's DNA
- The accidental death of the homeless man
- Chanta's interaction with Fisher, the King Creole Series ELVIS
- The revelation that the penthouse staff have been in stasis since Hardy's death"		"Chapter 67"	"Purple"		False					"0 seconds"		""	""	""	""	""		""	""	""	""	""	""	""	""	""	""		
"Narrative Folder"	"Let me Feel Your Belly There"	"NF68"	"Let me Feel Your Belly There"	""		"Chapter 68"	"Purple"		False					"0 seconds"		""	""	""	""	""		""	""	""	""	""	""	""	""	""	""		
"Narrative Folder"	"Star-render"	"NF69"	"Star-render"	"Key elements:
- Chip has moved into a townhouse, presumably provided by Eloise
- He's received a significant payment, likely as part of his new role with Shakti Enterprises
- Chip is still wary of the stasis unit in the kitchen"		"Chapter 69"	"Purple"		False					"0 seconds"		""	""	""	""	""		""	""	""	""	""	""	""	""	""	""		
"Narrative Folder"	"The Devil in His Ties"	"NF70"	"The Devil in His Ties"	"Key elements:
- Agent Jones carrying out a mission to sabotage jukeboxes in Elvi establishments
- The introduction of gospel music records into the jukeboxes
- Jones' unexpected emotional reaction to the gospel music
- The mission's focus on the Memphis Mafia Bar & Grill"		"Chapter 70"	"Purple"		False					"0 seconds"		""	""	""	""	""		""	""	""	""	""	""	""	""	""	""		
"Narrative Folder"	"Chip complains"	"NF71"	"Chip complains"	""		"Chapter 71"	"Purple"		False					"0 seconds"		""	""	""	""	""		""	""	""	""	""	""	""	""	""	""		
"Narrative Folder"	"How Fake Thou Art"	"NF72"	"How Fake Thou Art"	""		"Chapter 72"	"Purple"		False					"0 seconds"		""	""	""	""	""		""	""	""	""	""	""	""	""	""	""		
"Narrative Folder"	"Amazing Grease"	"NF73"	"Amazing Grease"	""		"Chapter 73"	"Purple"		False					"0 seconds"		""	""	""	""	""		""	""	""	""	""	""	""	""	""	""		
"Narrative Folder"	"Struck on Cue"	"NF74"	"Struck on Cue"	"Key elements:
- The immediate effects of the gospel music on the Elvi
- The Elvi's extreme reactions, ranging from fits to evangelism
- the High Elvis's response to the crisis
- The involvement of Kleo, Solo, and Chilo in attempting to ""cure"" the affected Elvi
- the High Elvis's performance of a new song"		"Chapter 74"	"Purple"		False					"0 seconds"		""	""	""	""	""		""	""	""	""	""	""	""	""	""	""		
"Narrative Folder"	"Amazing Grass"	"NF75"	"Amazing Grass"	""		"Chapter 75"	"Purple"		False					"0 seconds"		""	""	""	""	""		""	""	""	""	""	""	""	""	""	""		
"Narrative Folder"	"Blue Howahya"	"NF76"	"Blue Howahya"	""		"Chapter 76"	"Purple"		False					"0 seconds"		""	""	""	""	""		""	""	""	""	""	""	""	""	""	""		
"Narrative Folder"	"Wisdom of the Sages"	"NF77"	"Wisdom of the Sages"	""		"Chapter 77"	"Purple"		False					"0 seconds"		""	""	""	""	""		""	""	""	""	""	""	""	""	""	""		
"Narrative Folder"	"Piglicious Minds"	"NF78"	"Piglicious Minds"	""		"Chapter 78"	"Purple"		False					"0 seconds"		""	""	""	""	""		""	""	""	""	""	""	""	""	""	""		
"Narrative Folder"	"Lazy duck grease let the rice stay hot"	"NF79"	"Lazy duck grease let the rice "	"# Prompt for New Thread: ""The Honeymoon is Over"" - Final Arc Development

I'm working on the final section of my satirical sci-fi novel, “Clones of Elvis.” This is the culmination of a complex multi-character narrative with influences from Douglas Adams, Terry Pratchett, and Australian political satire.

I need assistance developing scenes for this final arc where all plot threads converge around a cosmic cataclysm. The main event centers on:

1) A pregnant woman named Sarah giving birth at the exact moment that experimental technology (Gyges Discs) causes dimensional collapse

2) Multiple antagonistic groups converging on Sublime Point (a mountain facility) during this crisis

3) Personal vendettas being settled amid apocalyptic events

I'll provide a comprehensive plot analysis that outlines all major characters, their arcs, and the significant plot points that need resolution. The tone combines absurdist humor with genuine emotional payoffs, featuring satirical commentary on class warfare (Airborne vs. Cloudborne vs. Elvi), corporate power struggles, and the conflict between science and religion.

Key stylistic elements include:
- Douglas Adams-style humorous asides and absurdist descriptions
- Multi-perspective narrative jumping between characters
- Scientific concepts explained with philosophical depth
- Australian cultural and political references

For this thread, I need help:
1) Developing scenes. I will iterate, each time describing a scene I want fleshed out
2) Maintaining the established tone while delivering satisfying resolutions
3) Ensuring all antagonistic relationships reach meaningful conclusions"		"Chapter 79"	"Purple"		False					"0 seconds"		""	""	""	""	""		""	""	""	""	""	""	""	""	""	""		
"Narrative Folder"	"In the Brothel"	"NF80"	"In the Brothel"	""		"Chapter 80"	"Purple"		False					"0 seconds"		""	""	""	""	""		""	""	""	""	""	""	""	""	""	""		
"Narrative Folder"	"TPlus origins"	"NF81"	"TPlus origins"	""		"Chapter 81"	"Purple"		False					"0 seconds"		""	""	""	""	""		""	""	""	""	""	""	""	""	""	""		
"Narrative Folder"	"A humpin' humpin' bugger glove"	"NF82"	"A humpin' humpin' bugger glove"	""		"Chapter 82"	"Purple"		False					"0 seconds"		""	""	""	""	""		""	""	""	""	""	""	""	""	""	""		
"Narrative Folder"	"Seven Hours"	"NF83"	"Seven Hours"	""		"Chapter 83"	"Purple"		False					"0 seconds"		""	""	""	""	""		""	""	""	""	""	""	""	""	""	""		
"Narrative Folder"	"Night Work"	"NF84"	"Night Work"	""		"Chapter 84"	"Purple"		False					"0 seconds"		""	""	""	""	""		""	""	""	""	""	""	""	""	""	""		
"Narrative Folder"	"The Morning After"	"NF85"	"The Morning After"	""		"Chapter 85"	"Purple"		False					"0 seconds"		""	""	""	""	""		""	""	""	""	""	""	""	""	""	""		
"Narrative Folder"	"First Contact"	"NF86"	"First Contact"	""		"Chapter 86"	"Purple"		False					"0 seconds"		""	""	""	""	""		""	""	""	""	""	""	""	""	""	""		
"Narrative Folder"	"The Gospel Truth"	"NF87"	"The Gospel Truth"	""		"Chapter 87"	"Purple"		False					"0 seconds"		""	""	""	""	""		""	""	""	""	""	""	""	""	""	""		
"Narrative Folder"	"Warnings"	"NF88"	"Warnings"	""		"Chapter 88"	"Purple"		False					"0 seconds"		""	""	""	""	""		""	""	""	""	""	""	""	""	""	""		
"Narrative Folder"	"Risk Assessment"	"NF89"	"Risk Assessment"	""		"Chapter 89"	"Purple"		False					"0 seconds"		""	""	""	""	""		""	""	""	""	""	""	""	""	""	""		
"Narrative Folder"	"Missing Socks"	"NF90"	"Missing Socks"	""		"Chapter 90"	"Purple"		False					"0 seconds"		""	""	""	""	""		""	""	""	""	""	""	""	""	""	""		
"Narrative Folder"	"Strategic Applications"	"NF91"	"Strategic Applications"	""		"Chapter 91"	"Purple"		False					"0 seconds"		""	""	""	""	""		""	""	""	""	""	""	""	""	""	""		
"Narrative Folder"	"Power Plays"	"NF92"	"Power Plays"	""		"Chapter 92"	"Purple"		False					"0 seconds"		""	""	""	""	""		""	""	""	""	""	""	""	""	""	""		
"Narrative Folder"	"The Greatest Discovery in the History of the World"	"NF93"	"The Greatest Discovery in the "	""		"Chapter 93"	"Purple"		False					"0 seconds"		""	""	""	""	""		""	""	""	""	""	""	""	""	""	""		
"Narrative Folder"	"The Confession"	"NF94"	"The Confession"	""		"Chapter 94"	"Purple"		False					"0 seconds"		""	""	""	""	""		""	""	""	""	""	""	""	""	""	""		
"Narrative Folder"	"An Army in Boxes"	"NF95"	"An Army in Boxes"	""		"Chapter 95"	"Purple"		False					"0 seconds"		""	""	""	""	""		""	""	""	""	""	""	""	""	""	""		
"Narrative Folder"	"Arrivals"	"NF96"	"Arrivals"	""		"Chapter 96"	"Purple"		False					"0 seconds"		""	""	""	""	""		""	""	""	""	""	""	""	""	""	""		
"Narrative Folder"	"Christmas Eve"	"NF97"	"Christmas Eve"	""		"Chapter 97"	"Purple"		False					"0 seconds"		""	""	""	""	""		""	""	""	""	""	""	""	""	""	""		
"Narrative Folder"	"Dawn"	"NF98"	"Dawn"	""		"Chapter 98"	"Purple"		False					"0 seconds"		""	""	""	""	""		""	""	""	""	""	""	""	""	""	""		
"Narrative Folder"	"Nemeses"	"NF99"	"Nemeses"	""		"Chapter 99"	"Purple"		False					"0 seconds"		""	""	""	""	""		""	""	""	""	""	""	""	""	""	""		
"Narrative Folder"	"More Nemeses"	"NF100"	"More Nemeses"	""		"Chapter 100"	"Purple"		False					"0 seconds"		""	""	""	""	""		""	""	""	""	""	""	""	""	""	""		
"Narrative Folder"	"The Last Chapter"	"NF101"	"The Last Chapter"	""		"Chapter 101"	"Purple"		False					"0 seconds"		""	""	""	""	""		""	""	""	""	""	""	""	""	""	""		
"Narrative Folder"	"The Beginning"	"NF102"	"The Beginning"	""		"Chapter 102"	"Purple"		False					"0 seconds"		""	""	""	""	""		""	""	""	""	""	""	""	""	""	""		
"Narrative Folder"	"Epilogue"	"NF103"	"Epilogue"	""		"Chapter 103"	"Purple"		False					"0 seconds"		""	""	""	""	""		""	""	""	""	""	""	""	""	""	""		
"Narrative Folder"	"Mysterious Rhymes"	"NF104"	"Mysterious Rhymes"	""		"Chapter 2"	"Purple"		False					"0 seconds"		""	""	""	""	""		""	""	""	""	""	""	""	""	""	""		
"Narrative Folder"	"Your aunt buffing up a groundhog"	"NF105"	"Your aunt buffing up a groundh"	""		"Chapter 1"	"Purple"		False					"0 seconds"		""	""	""	""	""		""	""	""	""	""	""	""	""	""	""		
"Narrative Folder"	"Ambitious Crimes"	"NF106"	"Ambitious Crimes"	""		"Chapter 3"	"Purple"		False					"0 seconds"		""	""	""	""	""		""	""	""	""	""	""	""	""	""	""		